retorno_total,CAGR,maxDD,sharpe_diario,n_trades,acerto,media_trade,profit_factor,expect_R,estrategia,par,periodo,custos,R$100_vira,dias_sinal_bloqueado_por_risco_min_ordem,pos_media_%cap,ganho_medio_R,perda_media_R
1.922043872352455,0.4293366350067229,-0.34159710558597756,1.20349751566531,22,0.45454545454545453,0.07085806274474434,4.342550203139738,0.8412000068134535,ESCOLHIDA_SMA100_stop3ATR_allin,BTCUSDT,TOTAL,base,289.6386457045122,0.0,1.0,2.31712397630107,-0.3887366344262269
1.5483015870704784,0.8654890097469436,-0.34159710558597756,1.6826803331550642,13,0.46153846153846156,0.1064849217286871,6.399870704021496,1.2556169858578332,ESCOLHIDA_SMA100_stop3ATR_allin,BTCUSDT,IS_1a_metade,base,,,,,
0.14666328631519243,0.09543043274840124,-0.27613813954706246,0.4950888890455053,9,0.4444444444444444,0.019397044212382527,1.8312427776473805,0.24259770374934922,ESCOLHIDA_SMA100_stop3ATR_allin,BTCUSDT,OOS_2a_metade,base,,,,,
1.8020492600438822,0.4095091323364639,-0.35334234612447235,1.163150923042535,22,0.45454545454545453,0.06881798423649216,4.09976400618591,0.8215684901251531,ESCOLHIDA_SMA100_stop3ATR_allin,BTCUSDT,TOTAL,estresse,277.74454742291704,0.0,1.0,2.2959942707381953,-0.40711966038571507
1.4828995852533278,0.8334372912552943,-0.35334234612447235,1.6415881943749477,13,0.46153846153846156,0.10427416098789989,6.0237234579578445,1.2369574690236502,ESCOLHIDA_SMA100_stop3ATR_allin,BTCUSDT,IS_1a_metade,estresse,,,,,
0.12853909867562852,0.08386824645346747,-0.2868674531723622,0.45187467148177973,9,0.4444444444444444,0.017603506706681007,1.724787597240374,0.22156218727176846,ESCOLHIDA_SMA100_stop3ATR_allin,BTCUSDT,OOS_2a_metade,estresse,,,,,
2.0385960638440594,0.44808202248819806,-0.34821946924471703,1.2474228888428824,22,0.45454545454545453,0.0725133439072174,4.710351956904626,1.2955262515420252,var_stop2ATR_allin,BTCUSDT,TOTAL,base,301.1915245702028,0.0,1.0,3.4756859644516047,-0.5212735092159575
1.5226701994127079,0.8529608409169993,-0.34821946924471703,1.6661692983786465,13,0.46153846153846156,0.10576557715075233,6.1746318603842845,1.8741117192359766,var_stop2ATR_allin,BTCUSDT,IS_1a_metade,base,,,,,
0.2045157803629909,0.1319357699671888,-0.23961720574455603,0.639992321833071,9,0.4444444444444444,0.02448234033322252,2.3415203986353434,0.45979168709520657,var_stop2ATR_allin,BTCUSDT,OOS_2a_metade,base,,,,,
1.920030289051954,0.42900844012466055,-0.35915312844431857,1.2089188875629249,22,0.45454545454545453,0.07056041373062448,4.448934824634694,1.267299830238976,var_stop2ATR_allin,BTCUSDT,TOTAL,estresse,289.4390554294693,0.0,1.0,3.4439914061072927,-0.5466098163179544
1.4605885696402336,0.8224390897715528,-0.35915312844431857,1.626803925242792,13,0.46153846153846156,0.10363279300765958,5.8431704007602345,1.8471237509267955,var_stop2ATR_allin,BTCUSDT,IS_1a_metade,estresse,,,,,
0.18672025265845082,0.1207703003247107,-0.2501023339435897,0.5985214620688019,9,0.4444444444444444,0.022789199219351488,2.1930192491692684,0.4297763892454586,var_stop2ATR_allin,BTCUSDT,OOS_2a_metade,estresse,,,,,
2.1012323898308427,0.4579584455990091,-0.34159710558597756,1.2753678106404849,22,0.45454545454545453,0.07346184327075261,4.950618720628151,0.8822204727232162,var_sem_stop_allin,BTCUSDT,TOTAL,base,307.40015846593985,0.0,1.0,2.31712397630107,-0.3135324469249952
1.5483015870704784,0.8654890097469436,-0.34159710558597756,1.6826803331550642,13,0.46153846153846156,0.1064849217286871,6.399870704021496,1.2556169858578332,var_sem_stop_allin,BTCUSDT,IS_1a_metade,base,,,,,
0.21698012729961547,0.1397234965249441,-0.23174875345297707,0.6846431784553556,9,0.4444444444444444,0.02576184105373609,2.518063854497745,0.34286995375099116,var_sem_stop_allin,BTCUSDT,OOS_2a_metade,base,,,,,
1.9707086617890783,0.4372230751510806,-0.35334234612447235,1.2332677174945472,22,0.45454545454545453,0.07137133460530569,4.632556116200841,0.8618346753855703,var_sem_stop_allin,BTCUSDT,TOTAL,estresse,294.4623938485027,0.0,1.0,2.295994270738195,-0.33329832074161664
1.4828995852533278,0.8334372912552943,-0.35334234612447235,1.6415881943749477,13,0.46153846153846156,0.10427416098789989,6.0237234579578445,1.2369574690236502,var_sem_stop_allin,BTCUSDT,IS_1a_metade,estresse,,,,,
0.1964675009142507,0.12689290095120032,-0.2439429727115534,0.6352261827471211,9,0.4444444444444444,0.023845029830447412,2.3213257697147043,0.3199906401305661,var_sem_stop_allin,BTCUSDT,OOS_2a_metade,estresse,,,,,
0.4882841781256251,0.14163415900492193,-0.13681692776183352,1.1395878992388107,19,0.42105263157894735,0.023692698201395943,6.41124059472079,0.9886131410572404,ESCOLHIDA_risco1pct_min6USDT_teto3pct_R$100,BTCUSDT,TOTAL,base,147.52160905398082,12.0,0.2206626087660056,2.8635663349274254,-0.3749891817574398
0.4351725538984452,0.27229212468050856,-0.13681692776183352,1.5465555474916015,10,0.4,0.04120236597101005,11.363807103583403,1.6600270346343429,ESCOLHIDA_risco1pct_min6USDT_teto3pct_R$100,BTCUSDT,IS_1a_metade,base,,,,,
0.0370071348444545,0.024497189395458197,-0.06833537939889833,0.4651251540975038,9,0.4444444444444444,0.004237511790713605,1.8780584858520635,0.24259770374934872,ESCOLHIDA_risco1pct_min6USDT_teto3pct_R$100,BTCUSDT,OOS_2a_metade,base,,,,,
0.47382976051811476,0.13792847802150932,-0.14114715737025318,1.112161712057142,19,0.42105263157894735,0.023164464308238104,5.8837705201844965,0.964404686298463,ESCOLHIDA_risco1pct_min6USDT_teto3pct_R$100,BTCUSDT,TOTAL,estresse,146.0888591969719,13.0,0.22193897754011985,2.8410159663993535,-0.4004035174112755
0.4256290747306881,0.2666464640867352,-0.14114715737025318,1.5190923507334715,10,0.4,0.040505852138549216,10.098499269691748,1.63296293542249,ESCOLHIDA_risco1pct_min6USDT_teto3pct_R$100,BTCUSDT,IS_1a_metade,estresse,,,,,
0.03381011698048608,0.022392550900537156,-0.07170541583686108,0.42533739752571487,9,0.4444444444444444,0.003896255607892433,1.7689874558063692,0.22156218727176652,ESCOLHIDA_risco1pct_min6USDT_teto3pct_R$100,BTCUSDT,OOS_2a_metade,estresse,,,,,
0.8445030030768479,0.22623177870397826,-0.6002985238574206,0.6768264264221912,24,0.2916666666666667,0.042441436048239946,2.163430859481699,0.5064885469845183,ESCOLHIDA_SMA100_stop3ATR_allin,ETHUSDT,TOTAL,base,182.83070862279115,0.0,1.0,2.657819796041006,-0.3793537320387412
-0.04977014951760872,-0.03345659763294395,-0.568851986349942,0.1566043076659539,15,0.3333333333333333,0.008900253116694866,1.1944192456137215,0.2602335362059525,ESCOLHIDA_SMA100_stop3ATR_allin,ETHUSDT,IS_1a_metade,base,,,,,
0.9411124604646677,0.5554072827314782,-0.3663880672654586,1.238205731843386,9,0.2222222222222222,0.0983434076008151,5.6872529758249515,0.9169135649487951,ESCOLHIDA_SMA100_stop3ATR_allin,ETHUSDT,OOS_2a_metade,base,,,,,
0.7638278284596831,0.20809785043460605,-0.6112278415952767,0.6434202070653332,24,0.2916666666666667,0.04050173085314107,2.073206250317482,0.49162947155721226,ESCOLHIDA_SMA100_stop3ATR_allin,ETHUSDT,TOTAL,estresse,174.8340291275997,0.0,1.0,2.64017788737114,-0.39306693495440487
-0.07575295063244125,-0.051154467458822794,-0.5802220195570136,0.11693295105922716,15,0.3333333333333333,0.007017135082357225,1.1496620651833394,0.24589184396790034,ESCOLHIDA_SMA100_stop3ATR_allin,ETHUSDT,IS_1a_metade,estresse,,,,,
0.9083943299214539,0.5378970691945708,-0.37538872081040053,1.2118189886520812,9,0.2222222222222222,0.09630939047111416,5.281727531416884,0.9011921842060655,ESCOLHIDA_SMA100_stop3ATR_allin,ETHUSDT,OOS_2a_metade,estresse,,,,,
0.6110205688153019,0.1721730167671478,-0.6334927666748824,0.5759155201838554,26,0.23076923076923078,0.03486545044191382,1.8807394093997136,0.5634336206558112,var_stop2ATR_allin,ETHUSDT,TOTAL,base,159.68747771679395,0.0,1.0,4.349587993399862,-0.5724126911674041
-0.08905232444670974,-0.06027727766150792,-0.5866754968236849,0.09500493402671083,16,0.25,0.005422101441559135,1.1201050326374273,0.3271940019690901,var_stop2ATR_allin,ETHUSDT,IS_1a_metade,base,,,,,
0.7685105435246895,0.4618699162035891,-0.38335545292360695,1.09089447513558,10,0.2,0.08197480884248133,3.6707448622951744,0.941417010554565,var_stop2ATR_allin,ETHUSDT,OOS_2a_metade,base,,,,,
0.5409671700868437,0.15494082570166134,-0.6438123062267159,0.5427928891910095,26,0.23076923076923078,0.03308295336369525,1.8105630390416478,0.5432935766325472,var_stop2ATR_allin,ETHUSDT,TOTAL,estresse,152.74364921144922,0.0,1.0,4.324261174104219,-0.5909967026089544
-0.11390326387171379,-0.0774439754144608,-0.5975492714598546,0.0554089525352922,16,0.25,0.0036620174392403802,1.0790860488572838,0.3071562923542427,var_stop2ATR_allin,ETHUSDT,IS_1a_metade,estresse,,,,,
0.739050723536067,0.4456059596529198,-0.39144492202083236,1.0651172951845949,10,0.2,0.08015645084282305,3.5024111223036885,0.9211132314778345,var_stop2ATR_allin,ETHUSDT,OOS_2a_metade,estresse,,,,,
0.8917378661426634,0.23660463898184347,-0.5900627885610805,0.6960459171217758,23,0.2608695652173913,0.04519186091662392,2.2321515955362905,0.5354442534961368,var_sem_stop_allin,ETHUSDT,TOTAL,base,187.51271969656966,0.0,1.0,3.085437437556744,-0.3645533408781953
-0.02543623583261434,-0.017027636878064856,-0.5578109539678386,0.19217103376902944,14,0.2857142857142857,0.011023009476786666,1.2356976638618247,0.29021398184799885,var_sem_stop_allin,ETHUSDT,IS_1a_metade,base,,,,,
0.941112460464669,0.5554072827314789,-0.36638806726545836,1.2382057318433837,9,0.2222222222222222,0.0983434076008152,5.687252975824966,0.9169135649487957,var_sem_stop_allin,ETHUSDT,OOS_2a_metade,base,,,,,
0.808498356656085,0.21820549120317878,-0.6013818365692869,0.6623656094052135,23,0.2608695652173913,0.04316635920976045,2.1335496315361273,0.5199300386097891,var_sem_stop_allin,ETHUSDT,TOTAL,estresse,179.26185836456963,0.0,1.0,3.0676329035108623,-0.37925920782588374
-0.052345561763159965,-0.03520353995674663,-0.5695907641651634,0.15199346122289786,14,0.2857142857142857,0.009002981970318836,1.1871671856322328,0.2748329450121832,var_sem_stop_allin,ETHUSDT,IS_1a_metade,estresse,,,,,
0.9083943299214527,0.5378970691945701,-0.375388720810401,1.2118189886520796,9,0.2222222222222222,0.09630939047111409,5.28172753141687,0.901192184206065,var_sem_stop_allin,ETHUSDT,OOS_2a_metade,estresse,,,,,
0.20656019131917103,0.06455099216776872,-0.2176850848542463,0.6297413307721087,8,0.25,0.02665363347381093,2.9872846121077252,1.1052755157949261,ESCOLHIDA_risco1pct_min6USDT_teto3pct_R$100,ETHUSDT,TOTAL,base,119.59658206408663,309.0,0.27555760650091776,6.31015214962016,-0.6296833621468189
0.12549614626479455,0.08199221484972652,-0.17623711239731255,0.6344881139657655,3,0.3333333333333333,0.045268058713551614,3.3282794462099323,1.8078648497904524,ESCOLHIDA_risco1pct_min6USDT_teto3pct_R$100,ETHUSDT,IS_1a_metade,base,,,,,
0.07202516447826612,0.04741011716132881,-0.05031541609935308,0.7507691656265132,5,0.2,0.015484978329966518,2.5811140735960105,0.6837219153976105,ESCOLHIDA_risco1pct_min6USDT_teto3pct_R$100,ETHUSDT,OOS_2a_metade,base,,,,,
0.22835212921717107,0.07091793112380973,-0.20090235998221395,0.6892426066279705,8,0.25,0.028775435592488494,3.6657729112814152,1.1804840319949599,ESCOLHIDA_risco1pct_min6USDT_teto3pct_R$100,ETHUSDT,TOTAL,estresse,121.75664113772817,317.0,0.27198663425632025,6.288928673830229,-0.5223308486167967
0.14974725441338976,0.09747703978892663,-0.15807489519167028,0.7397221267325381,3,0.3333333333333333,0.05217675345607773,5.27604719801752,2.034695414730149,ESCOLHIDA_risco1pct_min6USDT_teto3pct_R$100,ETHUSDT,IS_1a_metade,estresse,,,,,
0.06836709068193092,0.04502839218496102,-0.05086849714535313,0.72823800505705,5,0.2,0.014734644874334952,2.4809000600413635,0.6679572023538464,ESCOLHIDA_risco1pct_min6USDT_teto3pct_R$100,ETHUSDT,OOS_2a_metade,estresse,,,,,
3.098969041865833,0.5999289699197794,-0.6959060499512137,1.0468302927604627,32,0.21875,0.13823982845812197,5.056203688258228,1.0646102894101006,ESCOLHIDA_SMA100_stop3ATR_allin,SOLUSDT,TOTAL,base,406.29774703380644,0.0,1.0,5.763082949465156,-0.2509620554053149
2.6243636052929173,1.359198455787893,-0.5734423590350342,1.4770807570246662,20,0.15,0.20834789544388518,7.776460789867656,1.4778829221311642,ESCOLHIDA_SMA100_stop3ATR_allin,SOLUSDT,IS_1a_metade,base,,,,,
0.1309486266443618,0.08540894157040868,-0.3624839641985632,0.40577202732822926,12,0.3333333333333333,0.021393050148516696,1.5396854319837903,0.3758225682083274,ESCOLHIDA_SMA100_stop3ATR_allin,SOLUSDT,OOS_2a_metade,base,,,,,
2.853158165104877,0.5673050941722373,-0.7098223441201432,1.01427468716636,32,0.21875,0.136044511074937,4.8276208972987575,1.0530591657356265,ESCOLHIDA_SMA100_stop3ATR_allin,SOLUSDT,TOTAL,estresse,381.9324970394031,0.0,1.0,5.746931562445311,-0.2612251053430852
2.482250124715746,1.2971271658301848,-0.5835578815653701,1.442781836091679,20,0.15,0.20593361212560302,7.359371206706525,1.4665109206318137,ESCOLHIDA_SMA100_stop3ATR_allin,SOLUSDT,IS_1a_metade,estresse,,,,,
0.10651389966405933,0.0697336037881322,-0.3688273615800727,0.3727378366570412,12,0.3333333333333333,0.019562675990493685,1.479362972759383,0.36397290757531436,ESCOLHIDA_SMA100_stop3ATR_allin,SOLUSDT,OOS_2a_metade,estresse,,,,,
2.960871325243384,0.5817666604027989,-0.6997544908284088,1.027313861737865,33,0.21212121212121213,0.1329863704445676,4.898441816756008,1.5392521929682335,var_stop2ATR_allin,SOLUSDT,TOTAL,base,392.6092340050099,0.0,1.0,8.644624424197735,-0.3737326385166322
2.6243636052929173,1.359198455787893,-0.5734423590350342,1.4770807570246662,20,0.15,0.20834789544388518,7.776460789867656,2.216824383196747,var_stop2ATR_allin,SOLUSDT,IS_1a_metade,base,,,,,
0.09284601563127937,0.06091500667687311,-0.3760662638224197,0.35513502084444754,13,0.3076923076923077,0.017045562753309793,1.4338121217117195,0.4968334387705201,var_stop2ATR_allin,SOLUSDT,OOS_2a_metade,base,,,,,
2.72387773662706,0.549587394853821,-0.7137603078797383,0.9949517161915468,33,0.21212121212121213,0.13085946261583414,4.68324891099552,1.5226693301473417,var_stop2ATR_allin,SOLUSDT,TOTAL,estresse,369.1179706817723,0.0,1.0,8.620397343667964,-0.3882574427235952
2.482250124715746,1.2971271658301848,-0.5835578815653701,1.442781836091679,20,0.15,0.20593361212560302,7.359371206706525,2.1997663809477204,var_stop2ATR_allin,SOLUSDT,IS_1a_metade,estresse,,,,,
0.06938835616555217,0.04569359873655676,-0.3816122852818171,0.3226685446152695,13,0.3076923076923077,0.01536077106234357,1.3805221965915442,0.4809815596852213,var_stop2ATR_allin,SOLUSDT,OOS_2a_metade,estresse,,,,,
3.1409947118039696,0.6053749557022892,-0.6927882532944432,1.0514902459357138,32,0.21875,0.13851583350448157,5.097485580697362,1.0666358296229994,var_sem_stop_allin,SOLUSDT,TOTAL,base,410.46341279977156,0.0,1.0,5.763082949465157,-0.24836936393280454
2.6243636052929173,1.359198455787893,-0.5734423590350342,1.4770807570246662,20,0.15,0.20834789544388518,7.776460789867656,1.4778829221311642,var_sem_stop_allin,SOLUSDT,IS_1a_metade,base,,,,,
0.14254395054529811,0.09280792638679847,-0.36248396419856355,0.42141403173437864,12,0.3333333333333333,0.02212906360547563,1.5688144142886662,0.3812240087760573,var_sem_stop_allin,SOLUSDT,OOS_2a_metade,base,,,,,
2.8881635820287537,0.5720341627825756,-0.7071861196541818,1.018392331599575,32,0.21875,0.13628887055345937,4.8610408904666675,1.0548542585039606,var_sem_stop_allin,SOLUSDT,TOTAL,estresse,385.4023017353849,0.0,1.0,5.746931562445311,-0.2589273865996172
2.482250124715746,1.2971271658301848,-0.5835578815653701,1.442781836091679,20,0.15,0.20593361212560302,7.359371206706525,1.4665109206318137,var_sem_stop_allin,SOLUSDT,IS_1a_metade,estresse,,,,,
0.11656642767616887,0.07619634706732215,-0.3688273615800728,0.3868961918923139,12,0.3333333333333333,0.02021430126655338,1.503367845174124,0.36875982162420584,var_sem_stop_allin,SOLUSDT,OOS_2a_metade,estresse,,,,,
0.16131370029863246,0.051082210746355994,-0.04455004021813003,1.004641500568931,1,1.0,0.1613137002986325,inf,6.700253935215499,ESCOLHIDA_risco1pct_min6USDT_teto3pct_R$100,SOLUSDT,TOTAL,base,115.11166227692424,527.0,0.30423664122137406,6.700253935215499,
0.0,0.0,0.0,,0,,,,,ESCOLHIDA_risco1pct_min6USDT_teto3pct_R$100,SOLUSDT,IS_1a_metade,base,,,,,
0.16131370029863246,0.1047319970535312,-0.04455004021813003,1.4220980951462363,1,1.0,0.1613137002986325,inf,6.700253935215499,ESCOLHIDA_risco1pct_min6USDT_teto3pct_R$100,SOLUSDT,OOS_2a_metade,base,,,,,
0.16084884723670556,0.05094203418518317,-0.0445223742625358,1.0036276592712088,1,1.0,0.16084884723670548,inf,6.687623612888305,ESCOLHIDA_risco1pct_min6USDT_teto3pct_R$100,SOLUSDT,TOTAL,estresse,115.0655851414705,527.0,0.30423664122137406,6.687623612888305,
0.0,0.0,0.0,,0,,,,,ESCOLHIDA_risco1pct_min6USDT_teto3pct_R$100,SOLUSDT,IS_1a_metade,estresse,,,,,
0.16084884723670556,0.10443746559095612,-0.0445223742625358,1.4206589974556967,1,1.0,0.16084884723670548,inf,6.687623612888305,ESCOLHIDA_risco1pct_min6USDT_teto3pct_R$100,SOLUSDT,OOS_2a_metade,estresse,,,,,
