retorno_total,CAGR,maxDD,sharpe_diario,n_trades,estrategia,par,periodo,custos,R$100_vira
2.358459318122703,0.4971778466188572,-0.6834111066981923,0.9335462286351097,0,BH_comprar_segurar,CARTEIRA_1/3,TOTAL,base,332.8969895895622
2.1403916803425953,1.1442339006789504,-0.5088330131365512,1.4055716052869154,0,BH_comprar_segurar,CARTEIRA_1/3,IS_1a_metade,base,
0.17683316955457595,0.11454268051817218,-0.6601309720602937,0.6000347604751821,0,BH_comprar_segurar,CARTEIRA_1/3,OOS_2a_metade,base,
2.0451179098290546,0.44911667561936075,-0.4962146911462647,1.0526118330006895,0,D_SMA100_exec_10hBRT,CARTEIRA_1/3,TOTAL,base,301.83798257052933
1.3811946446063517,0.7830289564534798,-0.48675091465961695,1.3365023352650593,0,D_SMA100_exec_10hBRT,CARTEIRA_1/3,IS_1a_metade,base,
0.4350153633881222,0.27194329365735714,-0.29488059510807374,0.8897650097185549,0,D_SMA100_exec_10hBRT,CARTEIRA_1/3,OOS_2a_metade,base,
2.1023254448551425,0.45812961117408624,-0.5123885904818879,1.0693616431748285,0,D_SMA100_exec_21hBRT,CARTEIRA_1/3,TOTAL,base,307.508504196103
1.290117925040061,0.737275703774352,-0.5123885904818879,1.2986179096451964,0,D_SMA100_exec_21hBRT,CARTEIRA_1/3,IS_1a_metade,base,
0.46315825065980154,0.28850278770612103,-0.3023150040837702,0.9219867631307099,0,D_SMA100_exec_21hBRT,CARTEIRA_1/3,OOS_2a_metade,base,
1.1752590462350958,0.29549354762097946,-0.22431814632582825,1.2820034195252603,0,D_SMA100_voltarget40,CARTEIRA_1/3,TOTAL,base,215.61588796433622
0.757367007212165,0.456185895058252,-0.22431814632582825,1.7078831905857579,0,D_SMA100_voltarget40,CARTEIRA_1/3,IS_1a_metade,base,
0.2605288007784268,0.1667262574353925,-0.22188429035781465,0.8484813518040029,0,D_SMA100_voltarget40,CARTEIRA_1/3,OOS_2a_metade,base,
2.40105432158204,0.5034769531321928,-0.4699246329290009,1.0831812374918313,0,D_SMA200_exec_21hBRT,CARTEIRA_1/3,TOTAL,base,337.1190887963784
1.6152902814590733,0.8980352294112208,-0.4699246329290009,1.3667434556470726,0,D_SMA200_exec_21hBRT,CARTEIRA_1/3,IS_1a_metade,base,
0.315907207721861,0.20061842887785564,-0.3037670986073351,0.744033949079501,0,D_SMA200_exec_21hBRT,CARTEIRA_1/3,OOS_2a_metade,base,
3.126686239455683,0.60352491745435,-0.44168751814280716,1.2652111331994367,0,D_SMA50_exec_21hBRT,CARTEIRA_1/3,TOTAL,base,409.0451293194069
1.8528474805764783,1.0112815831538668,-0.44168751814280716,1.597694418522857,0,D_SMA50_exec_21hBRT,CARTEIRA_1/3,IS_1a_metade,base,
0.7094798409952592,0.4291878778640199,-0.3271660804059333,1.150437246471289,0,D_SMA50_exec_21hBRT,CARTEIRA_1/3,OOS_2a_metade,base,
2.3762533726912567,0.49981573948233016,-0.3816708113239957,1.155536616317257,0,D_TSMOM14_exec_21hBRT,CARTEIRA_1/3,TOTAL,base,334.6607707276869
1.599792783903836,0.8905307839760215,-0.3439027351715588,1.5485128847590535,0,D_TSMOM14_exec_21hBRT,CARTEIRA_1/3,IS_1a_metade,base,
0.38748615818859,0.24372812140720468,-0.36449708617493604,0.7796637430149101,0,D_TSMOM14_exec_21hBRT,CARTEIRA_1/3,OOS_2a_metade,base,
2.5200755623358497,0.5208039084653737,-0.491047327765763,1.1371562933171315,0,D_TSMOM28_exec_10hBRT,CARTEIRA_1/3,TOTAL,base,348.91670460501814
2.285597723784985,1.2098216033295004,-0.3776970225662287,1.7271860576804907,0,D_TSMOM28_exec_10hBRT,CARTEIRA_1/3,IS_1a_metade,base,
0.2725435298187959,0.17412096240620278,-0.33269069947624164,0.6464129177500181,0,D_TSMOM28_exec_10hBRT,CARTEIRA_1/3,OOS_2a_metade,base,
2.3944560584288026,0.5025046345507445,-0.4161386830760794,1.1134003088782982,0,D_TSMOM28_exec_21hBRT,CARTEIRA_1/3,TOTAL,base,336.46505617839205
2.260573137440263,1.1985883537138542,-0.40519326518525245,1.7324171006036575,0,D_TSMOM28_exec_21hBRT,CARTEIRA_1/3,IS_1a_metade,base,
0.24082136979461755,0.1545457289783967,-0.3473304572632304,0.5947910247414454,0,D_TSMOM28_exec_21hBRT,CARTEIRA_1/3,OOS_2a_metade,base,
2.790116622897617,0.5587156992830262,-0.5589204035774225,1.195474106358021,0,D_TSMOM56_exec_21hBRT,CARTEIRA_1/3,TOTAL,base,375.68369732739376
1.615901364401505,0.8983308334084568,-0.5589204035774225,1.4609565765873456,0,D_TSMOM56_exec_21hBRT,CARTEIRA_1/3,IS_1a_metade,base,
0.5862365869720911,0.35971130159513565,-0.28883800795986536,1.052396397720816,0,D_TSMOM56_exec_21hBRT,CARTEIRA_1/3,OOS_2a_metade,base,
-0.6139997343299031,-0.2717513998883836,-0.6478682439891663,-2.200379140515373,0,H1_reversao_BB_em_tendencia,CARTEIRA_1/3,TOTAL,base,38.26109362973435
-0.38227202260469084,-0.2746414667356718,-0.437413587585444,-1.9555492302684745,0,H1_reversao_BB_em_tendencia,CARTEIRA_1/3,IS_1a_metade,base,
-0.35794726828449563,-0.25554147765281465,-0.4252535353839404,-2.506225977038665,0,H1_reversao_BB_em_tendencia,CARTEIRA_1/3,OOS_2a_metade,base,
1.0867780095963866,0.27769540295791306,-0.3873343500225981,0.898516258773627,0,H4_Donchian20_vol,CARTEIRA_1/3,TOTAL,base,206.84547631342042
0.8195019228721951,0.49030556645970713,-0.29035384365443406,1.2567894086121396,0,H4_Donchian20_vol,CARTEIRA_1/3,IS_1a_metade,base,
0.22315182245690202,0.14356970600559826,-0.3237823013141179,0.6041665273202612,0,H4_Donchian20_vol,CARTEIRA_1/3,OOS_2a_metade,base,
0.6492406681895044,0.1813646534433988,-0.4447393667264261,0.6612419047812376,0,H4_EMA50_filtroD_SMA100,CARTEIRA_1/3,TOTAL,base,163.4759279608773
0.47765377101549267,0.2972726594920556,-0.44419194680683916,0.8411616773298336,0,H4_EMA50_filtroD_SMA100,CARTEIRA_1/3,IS_1a_metade,base,
0.11419798215525678,0.07467543577204161,-0.2899040291842162,0.41104702700216816,0,H4_EMA50_filtroD_SMA100,CARTEIRA_1/3,OOS_2a_metade,base,
-0.6375405329309636,-0.28700729581502893,-0.6400132857168463,-3.7297936785946826,0,M15_pullbackEMA21_stop1xATR1h_2R,CARTEIRA_1/3,TOTAL,base,35.92768409741114
-0.36750248897620985,-0.26340946930586473,-0.3755663974011352,-2.8560942831631255,0,M15_pullbackEMA21_stop1xATR1h_2R,CARTEIRA_1/3,IS_1a_metade,base,
-0.4246484341223574,-0.3079686736654811,-0.4265585522862332,-5.212575653143824,0,M15_pullbackEMA21_stop1xATR1h_2R,CARTEIRA_1/3,OOS_2a_metade,base,
-0.3570659001987192,-0.13691239647953712,-0.3640996497938416,-2.8469240577811754,0,M15_rompimento_stop1.5xATR15m_2R,CARTEIRA_1/3,TOTAL,base,63.728872692720174
-0.11412670160636595,-0.07769263956331374,-0.12182103576570724,-1.4655714152831159,0,M15_rompimento_stop1.5xATR15m_2R,CARTEIRA_1/3,IS_1a_metade,base,
-0.2738118828934053,-0.19190091257578035,-0.2796681471631658,-4.523944988066544,0,M15_rompimento_stop1.5xATR15m_2R,CARTEIRA_1/3,OOS_2a_metade,base,
-0.38156603539958844,-0.1480179406322194,-0.40332588052149143,-2.6419415596683153,0,M15_rompimento_stop1xATR1h_2R,CARTEIRA_1/3,TOTAL,base,61.30037185934826
-0.1316231675577808,-0.08989037013392531,-0.1599102851482066,-1.4612816644550901,0,M15_rompimento_stop1xATR1h_2R,CARTEIRA_1/3,IS_1a_metade,base,
-0.2868922844040922,-0.20162386760501882,-0.3093282452376649,-3.9966161499942867,0,M15_rompimento_stop1xATR1h_2R,CARTEIRA_1/3,OOS_2a_metade,base,
