estrategia,par,periodo,custos,CAGR,retorno_total,maxDD,sharpe_diario,n_trades,acerto,media_trade,profit_factor,expect_R,exposicao,R$100_vira
BH_comprar_segurar,BTCUSDT,TOTAL,base,0.4645120258075577,2.143266869716498,-0.5373383889204544,1.0323486143951164,0,,,,,1.0,311.5666974909591
BH_comprar_segurar,BTCUSDT,IS_1a_metade,base,1.1016825511765855,2.047363580681313,-0.3230924509181403,1.6776521754356943,0,,,,,1.0,
BH_comprar_segurar,BTCUSDT,OOS_2a_metade,base,0.020851239681109357,0.03147090476606129,-0.5373383889204544,0.35868234377449465,0,,,,,1.0,
BH_comprar_segurar,BTCUSDT,TOTAL,estresse,0.46451202580755635,2.14326686971649,-0.5373383889204588,1.0323486143951135,0,,,,,1.0,311.5666974909583
BH_comprar_segurar,BTCUSDT,IS_1a_metade,estresse,1.1016825511765886,2.04736358068132,-0.32309245091813865,1.6776521754356983,0,,,,,1.0,
BH_comprar_segurar,BTCUSDT,OOS_2a_metade,estresse,0.020851239681106026,0.031470904766056185,-0.5373383889204587,0.35868234377448494,0,,,,,1.0,
BH_comprar_segurar,BTCUSDT,TOTAL,sem_custo,0.4645120258075619,2.143266869716525,-0.5373383889204567,1.0323486143951213,0,,,,,1.0,311.56669749096176
BH_comprar_segurar,BTCUSDT,IS_1a_metade,sem_custo,1.1016825511765989,2.0473635806813415,-0.32309245091813843,1.6776521754357074,0,,,,,1.0,
BH_comprar_segurar,BTCUSDT,OOS_2a_metade,sem_custo,0.020851239681108913,0.031470904766060626,-0.5373383889204566,0.35868234377449315,0,,,,,1.0,
D_SMA50_exec_21hBRT,BTCUSDT,TOTAL,base,0.4977496675794626,2.362311246350686,-0.2847241630500569,1.3305953259467311,33,0.24242424242424243,0.03203856156931716,2.7683819287451588,,0.5987079612388372,333.278800172853
D_SMA50_exec_21hBRT,BTCUSDT,IS_1a_metade,base,0.8509165612000689,1.5184960115641615,-0.2847241630500569,1.6869763021802306,13,0.23076923076923078,0.05343606314276956,3.3959971690448776,,0.6478102189781022,
D_SMA50_exec_21hBRT,BTCUSDT,OOS_2a_metade,base,0.21222097934789286,0.3350472785789549,-0.2760728868566966,0.8601965667166643,20,0.25,0.018130185546573103,2.1774882675016998,,0.5496467370660184,
D_SMA50_exec_21hBRT,BTCUSDT,TOTAL,estresse,0.4651072028863632,2.147103028373827,-0.291860782591178,1.2656600730616085,33,0.21212121212121213,0.03001247294240706,2.52707455730862,,0.5987079612388372,311.94694496387666
D_SMA50_exec_21hBRT,BTCUSDT,IS_1a_metade,estresse,0.8178186899240427,1.4512356488126392,-0.291860782591178,1.6420025773286606,13,0.23076923076923078,0.05132611602631062,3.1566518040297638,,0.6478102189781022,
D_SMA50_exec_21hBRT,BTCUSDT,OOS_2a_metade,estresse,0.18107951706667524,0.2838843258086021,-0.29043114644197676,0.760945070867683,20,0.2,0.016158604937869747,1.9528007765583746,,0.5496467370660184,
D_SMA50_exec_21hBRT,BTCUSDT,TOTAL,sem_custo,0.548018031946861,2.7125681218150186,-0.2738978236880676,1.4276736946654465,33,0.24242424242424243,0.035081425353979165,3.207280297116575,,0.5987079612388372,367.9969397661885
D_SMA50_exec_21hBRT,BTCUSDT,IS_1a_metade,sem_custo,0.9016323002938549,1.6227295062554568,-0.2738978236880676,1.754160238577645,13,0.23076923076923078,0.05660494971417093,3.822588282374878,,0.6478102189781022,
D_SMA50_exec_21hBRT,BTCUSDT,OOS_2a_metade,sem_custo,0.26041794323659806,0.4155360333424376,-0.25401692886560234,1.0088089139032945,20,0.25,0.02109113451985451,2.599144518996374,,0.5496467370660184,
D_SMA100_exec_21hBRT,BTCUSDT,TOTAL,base,0.4192743795562093,1.860728520802824,-0.3755666075788401,1.1952237813713766,22,0.18181818181818182,0.06955194185048377,4.375088181335922,,0.5868516055481664,283.5609493523922
D_SMA100_exec_21hBRT,BTCUSDT,IS_1a_metade,base,0.7572168392591405,1.329667239662538,-0.3755666075788401,1.54268855268903,13,0.15384615384615385,0.09867263234349656,5.499238815912086,,0.7299270072992701,
D_SMA100_exec_21hBRT,BTCUSDT,OOS_2a_metade,base,0.14655909962682712,0.2279558522775178,-0.2549684567524467,0.705435043010462,9,0.2222222222222222,0.02748872224946534,2.470323429101881,,0.4438957684418446,
D_SMA100_exec_21hBRT,BTCUSDT,TOTAL,estresse,0.3990409576819314,1.740043523356729,-0.3867239684986895,1.1529061492421961,22,0.18181818181818182,0.0674661006849359,4.038387247343971,,0.5868516055481664,271.5984187593802
D_SMA100_exec_21hBRT,BTCUSDT,IS_1a_metade,estresse,0.7269620072380896,1.2697515012192655,-0.3867239684986895,1.5011266434007886,13,0.15384615384615385,0.09647243473724977,5.091102018742432,,0.7299270072992701,
D_SMA100_exec_21hBRT,BTCUSDT,OOS_2a_metade,estresse,0.13361500153106554,0.20719978459528798,-0.2667285355867549,0.6564777058129416,9,0.2222222222222222,0.025568062609371427,2.2647218556617434,,0.4438957684418446,
D_SMA100_exec_21hBRT,BTCUSDT,TOTAL,sem_custo,0.4501354171771994,2.05154857269712,-0.3584705095063896,1.2584614074764786,22,0.18181818181818182,0.0726845184589747,4.9917367559023536,,0.5868516055481664,302.47540232377526
D_SMA100_exec_21hBRT,BTCUSDT,IS_1a_metade,sem_custo,0.8035370258668475,1.4224009601829652,-0.3584705095063896,1.6048194328366652,13,0.15384615384615385,0.10197706361936888,6.242296773633016,,0.7299270072992701,
D_SMA100_exec_21hBRT,BTCUSDT,OOS_2a_metade,sem_custo,0.1662280373373144,0.2597206750061041,-0.23913537860300638,0.7785334770496622,9,0.2222222222222222,0.030373064338405316,2.8506781183316674,,0.4438957684418446,
D_SMA100_exec_10hBRT,BTCUSDT,TOTAL,base,0.45843577277732095,2.1042812186423983,-0.34160564525688975,1.2766112195712502,22,0.45454545454545453,0.07351538180092801,4.953472263955632,,0.5863575907277219,307.7023642802738
D_SMA100_exec_10hBRT,BTCUSDT,IS_1a_metade,base,0.865483431918403,1.5482901561743936,-0.34160564525688975,1.683091801201295,13,0.46153846153846156,0.10648480346542649,6.399701542146362,,0.7299270072992701,
D_SMA100_exec_10hBRT,BTCUSDT,OOS_2a_metade,base,0.14047302001293138,0.21818200769675422,-0.2317496375737219,0.6876012944712234,9,0.4444444444444444,0.025892883841096868,2.5258366729537305,,0.4429081516371648,
D_SMA100_exec_10hBRT,BTCUSDT,TOTAL,estresse,0.43765481337597745,1.9733882765426523,-0.3533747851463016,1.2344193425374603,22,0.45454545454545453,0.07142091680737615,4.634734218496296,,0.5863575907277219,294.7280024506111
D_SMA100_exec_10hBRT,BTCUSDT,IS_1a_metade,estresse,0.8333777897094261,1.482778699497374,-0.3533747851463016,1.641915006754843,13,0.46153846153846156,0.10427046398669824,6.022908160469531,,0.7299270072992701,
D_SMA100_exec_10hBRT,BTCUSDT,OOS_2a_metade,estresse,0.12760634120671166,0.19760503710805954,-0.24396359562592929,0.6380702165300259,9,0.4444444444444444,0.023971570881688678,2.328281747863231,,0.4429081516371648,
D_SMA100_exec_10hBRT,BTCUSDT,TOTAL,sem_custo,0.49013166630781213,2.31123578636699,-0.3235719726389985,1.3396052711848567,22,0.45454545454545453,0.07666091064535512,5.506405836029064,,0.5863575907277219,328.2161016971785
D_SMA100_exec_10hBRT,BTCUSDT,IS_1a_metade,sem_custo,0.9146367924444356,1.6496832451843542,-0.3235719726389985,1.7445685324456268,13,0.46153846153846156,0.10981047130176967,7.0465591447188825,,0.7299270072992701,
D_SMA100_exec_10hBRT,BTCUSDT,OOS_2a_metade,sem_custo,0.16002414414175314,0.24967231173196613,-0.2130813864061346,0.7615848412500366,9,0.4444444444444444,0.028778211919423004,2.8746221660242277,,0.4429081516371648,
D_SMA200_exec_21hBRT,BTCUSDT,TOTAL,base,0.39753877291536055,1.7312214844596148,-0.34480238982455846,1.0928523881829502,15,0.3333333333333333,0.09114642291113613,6.58573315577072,,0.6242447273418202,270.72396118443095
D_SMA200_exec_21hBRT,BTCUSDT,IS_1a_metade,base,0.6213372625504827,1.0647046199310175,-0.3376675631806141,1.271695462508366,10,0.3,0.10532318799794411,6.771731435217466,,0.8138686131386861,
D_SMA200_exec_21hBRT,BTCUSDT,OOS_2a_metade,base,0.2048121113865633,0.32281463318993575,-0.21322183205646827,0.9129327190925417,5,0.4,0.0627928927375202,6.040797115669789,,0.4347793056294158,
D_SMA200_exec_21hBRT,BTCUSDT,TOTAL,estresse,0.38406757316033757,1.6529528199205186,-0.35134437768817384,1.0664748561908683,15,0.3333333333333333,0.08904298846999466,6.05337926123427,,0.6242447273418202,262.9658196271812
D_SMA200_exec_21hBRT,BTCUSDT,IS_1a_metade,estresse,0.5998101512804752,1.0237144437696162,-0.34296157194862387,1.242675642559051,10,0.3,0.10310831290733335,6.256853901807732,,0.8138686131386861,
D_SMA200_exec_21hBRT,BTCUSDT,OOS_2a_metade,estresse,0.1975935309201231,0.31093239369226744,-0.21793816612989048,0.8877481651250578,5,0.4,0.0609123395953173,5.467906309378072,,0.4347793056294158,
D_SMA200_exec_21hBRT,BTCUSDT,TOTAL,sem_custo,0.4179660278651134,1.852819560283487,-0.3348780316669673,1.1322714620653438,15,0.3333333333333333,0.09430537439230183,7.566713566781412,,0.6242447273418202,282.77699787396796
D_SMA200_exec_21hBRT,BTCUSDT,IS_1a_metade,sem_custo,0.6541307661718598,1.1276717473797024,-0.32965656803994103,1.3151044179700198,10,0.3,0.10864966563922436,7.708178556009062,,0.8138686131386861,
D_SMA200_exec_21hBRT,BTCUSDT,OOS_2a_metade,sem_custo,0.2157079307963201,0.3408175221562386,-0.2061029045020144,0.9504389989965604,5,0.4,0.06561679189845673,7.13804852203441,,0.4347793056294158,
D_TSMOM14_exec_21hBRT,BTCUSDT,TOTAL,base,0.42275606387137876,1.8818464340468397,-0.3126471754347727,1.210701214395522,71,0.3380281690140845,0.019936874844181596,2.20194160585233,,0.5672810184305529,285.6541977974191
D_TSMOM14_exec_21hBRT,BTCUSDT,IS_1a_metade,base,0.728123609705768,1.272042281387861,-0.3126471754347727,1.5885258058373906,34,0.38235294117647056,0.032613152789115335,2.7723520123248626,,0.5912408759124088,
D_TSMOM14_exec_21hBRT,BTCUSDT,OOS_2a_metade,base,0.17157014131894477,0.2683947203158932,-0.24387607803849343,0.7207209182674118,37,0.2972972972972973,0.008288403219107354,1.5555059660338093,,0.5433411836207551,
D_TSMOM14_exec_21hBRT,BTCUSDT,TOTAL,estresse,0.3564573795614703,1.4972391219488586,-0.33165865620594015,1.0659002842302374,71,0.3380281690140845,0.017895537947131706,2.000926791007037,,0.5672810184305529,247.53117642251095
D_TSMOM14_exec_21hBRT,BTCUSDT,IS_1a_metade,estresse,0.6503004777271288,1.120284683027843,-0.33165865620594015,1.4672524789729229,34,0.38235294117647056,0.03054612109828017,2.558440098622054,,0.5912408759124088,
D_TSMOM14_exec_21hBRT,BTCUSDT,OOS_2a_metade,estresse,0.11514286114449357,0.1777848238674773,-0.29366717328199177,0.5373290708927437,37,0.2972972972972973,0.006270677754184464,1.384773344885005,,0.5433411836207551,
D_TSMOM14_exec_21hBRT,BTCUSDT,TOTAL,sem_custo,0.5281923144083889,2.571660752537966,-0.2831488877689622,1.4272170686420178,71,0.36619718309859156,0.023002714279300472,2.563852121064519,,0.5672810184305529,354.02992852678017
D_TSMOM14_exec_21hBRT,BTCUSDT,IS_1a_metade,sem_custo,0.8516330703405333,1.5199587797864647,-0.2831488877689622,1.7697399772561784,34,0.4411764705882353,0.03571758328511072,3.135091301744447,,0.5912408759124088,
D_TSMOM14_exec_21hBRT,BTCUSDT,OOS_2a_metade,sem_custo,0.2614927770080193,0.4173488793497728,-0.19113722668215405,0.9952838166088209,37,0.2972972972972973,0.011318780598285649,1.8806364574866234,,0.5433411836207551,
D_TSMOM28_exec_21hBRT,BTCUSDT,TOTAL,base,0.3212292898884792,1.3075726984650622,-0.3745818912100226,0.9637780026247728,52,0.36538461538461536,0.01232901843878768,1.6140989155706242,,0.5932357970739122,228.7310733326012
D_TSMOM28_exec_21hBRT,BTCUSDT,IS_1a_metade,base,0.5694951527750831,0.9664578031105169,-0.3745818912100226,1.2836258144503134,22,0.2727272727272727,0.019640268320956653,1.7170934053531286,,0.6277372262773723,
D_TSMOM28_exec_21hBRT,BTCUSDT,OOS_2a_metade,base,0.11241822781322397,0.1734666743496731,-0.26132234087359896,0.5312835451692266,30,0.43333333333333335,0.006967435191863769,1.4735119366451603,,0.5587631998784471,
D_TSMOM28_exec_21hBRT,BTCUSDT,TOTAL,estresse,0.2761433769666035,1.079178156731158,-0.38945586349367145,0.8623432739402231,52,0.36538461538461536,0.010325871478652373,1.484618447601379,,0.5932357970739122,206.09216418410384
D_TSMOM28_exec_21hBRT,BTCUSDT,IS_1a_metade,estresse,0.5230016560184969,0.8797160393259746,-0.38945586349367145,1.2087636396677413,22,0.2727272727272727,0.01759775256593604,1.6112408277155106,,0.6277372262773723,
D_TSMOM28_exec_21hBRT,BTCUSDT,OOS_2a_metade,estresse,0.06947539548821302,0.10611289856137329,-0.28749364719275206,0.384033374224346,30,0.43333333333333335,0.00499315868131102,1.3156293305685025,,0.5587631998784471,
D_TSMOM28_exec_21hBRT,BTCUSDT,TOTAL,sem_custo,0.3917716318609872,1.697528150516355,-0.35161807161876635,1.1155080895808245,52,0.40384615384615385,0.01533745815311665,1.8377996759274176,,0.5932357970739122,267.3842126936805
D_TSMOM28_exec_21hBRT,BTCUSDT,IS_1a_metade,sem_custo,0.6418174523459068,1.103954914269139,-0.35161807161876635,1.395648544532256,22,0.3181818181818182,0.02270788159156565,1.8959842555036208,,0.6277372262773723,
D_TSMOM28_exec_21hBRT,BTCUSDT,OOS_2a_metade,sem_custo,0.17999989922148263,0.2821226026382835,-0.23322457757659665,0.751320327977125,30,0.4666666666666667,0.009932480964920717,1.7555402911236817,,0.5587631998784471,
D_TSMOM28_exec_10hBRT,BTCUSDT,TOTAL,base,0.4146652281903296,1.8329311181513908,-0.3282380335710209,1.1622922752726295,52,0.4230769230769231,0.015482742953818148,1.9353725545089633,,0.5932357970739122,280.8056169858106
D_TSMOM28_exec_10hBRT,BTCUSDT,IS_1a_metade,base,0.7206256499970194,1.257269232702297,-0.31513917939231606,1.5036002119152603,22,0.4090909090909091,0.02439360763777204,2.098073059700425,,0.6287256690997567,
D_TSMOM28_exec_10hBRT,BTCUSDT,OOS_2a_metade,base,0.1633314691289658,0.2550257971486807,-0.25798560779323787,0.7045032452137353,30,0.43333333333333335,0.008948108852251961,1.7216195769364575,,0.5577755830737674,
D_TSMOM28_exec_10hBRT,BTCUSDT,TOTAL,estresse,0.36640845186303506,1.552637148225096,-0.3565327431887917,1.061284927775718,52,0.40384615384615385,0.013473252658611696,1.7613689916936681,,0.5932357970739122,253.0223360375905
D_TSMOM28_exec_10hBRT,BTCUSDT,IS_1a_metade,estresse,0.6696990415982031,1.157784617076075,-0.3178825251056946,1.429702073587614,22,0.4090909090909091,0.02234358579293454,1.9567691018472329,,0.6287256690997567,
D_TSMOM28_exec_10hBRT,BTCUSDT,OOS_2a_metade,estresse,0.11842261432239609,0.18298977943594275,-0.2788955563160095,0.5555455502438156,30,0.4,0.006968341693441612,1.5143611730665296,,0.5577755830737674,
D_TSMOM28_exec_10hBRT,BTCUSDT,TOTAL,sem_custo,0.49016758685828665,2.311475396030475,-0.3139857668153836,1.3130837480292168,52,0.46153846153846156,0.0185007092192156,2.238482393494297,,0.5932357970739122,328.2398522709074
D_TSMOM28_exec_10hBRT,BTCUSDT,IS_1a_metade,sem_custo,0.7998412950923719,1.4149578253549855,-0.31100865581031933,1.6139624242669328,22,0.45454545454545453,0.02747249036494752,2.331013238280375,,0.6287256690997567,
D_TSMOM28_exec_10hBRT,BTCUSDT,OOS_2a_metade,sem_custo,0.2340072323563851,0.37123529084558915,-0.23765453028037908,0.9266192888429552,30,0.4666666666666667,0.011921403045678862,2.108278185025038,,0.5577755830737674,
D_TSMOM56_exec_21hBRT,BTCUSDT,TOTAL,base,0.3569625601242554,1.5000319737696888,-0.4591924205622523,1.0573660241965694,33,0.2727272727272727,0.04045749346882675,2.574258334998132,,0.5877636329089873,247.80800930195278
D_TSMOM56_exec_21hBRT,BTCUSDT,IS_1a_metade,base,0.6418508257029829,1.104019075247225,-0.4591924205622523,1.4066011916037706,18,0.16666666666666666,0.06105148635535048,2.9604827594897025,,0.6751824817518248,
D_TSMOM56_exec_21hBRT,BTCUSDT,OOS_2a_metade,base,0.12171177134104538,0.18821735182031651,-0.33269586378933336,0.5732115940393883,15,0.4,0.01574470200499827,1.8213446578130141,,0.500417837878903,
D_TSMOM56_exec_21hBRT,BTCUSDT,TOTAL,estresse,0.32782606365799905,1.3423313372160446,-0.47310149716878147,0.9935080487271412,33,0.24242424242424243,0.03841413113824658,2.4143504759427046,,0.5877636329089873,232.1764168983232
D_TSMOM56_exec_21hBRT,BTCUSDT,IS_1a_metade,estresse,0.6028371247811257,1.0294615883704483,-0.47310149716878147,1.3472576969489065,18,0.16666666666666666,0.058926947463524226,2.7994341282225164,,0.6751824817518248,
D_TSMOM56_exec_21hBRT,BTCUSDT,OOS_2a_metade,estresse,0.10019751882170747,0.15416391748355984,-0.3472535114813622,0.4977690433076159,15,0.3333333333333333,0.01379875154791339,1.6745710707577977,,0.500417837878903,
D_TSMOM56_exec_21hBRT,BTCUSDT,TOTAL,sem_custo,0.4018133299504685,1.7563749863732427,-0.43766483423485114,1.1530692195536552,33,0.3333333333333333,0.04352630105006209,2.838592005450891,,0.5877636329089873,273.21722499128947
D_TSMOM56_exec_21hBRT,BTCUSDT,IS_1a_metade,sem_custo,0.7020822784749432,1.220871976978418,-0.43766483423485114,1.4954858412885481,18,0.16666666666666666,0.06424228677368087,3.236196926395271,,0.6751824817518248,
D_TSMOM56_exec_21hBRT,BTCUSDT,OOS_2a_metade,sem_custo,0.15473255670540254,0.24112286297717955,-0.3102769469209601,0.686470415185686,15,0.5333333333333333,0.018667118181719556,2.060142020908843,,0.500417837878903,
D_SMA100_voltarget40,BTCUSDT,TOTAL,base,0.34579865147513744,1.4387971857881445,-0.26783650879157295,1.2371178518578383,22,0.22727272727272727,0.05540016231531886,4.18754089814001,,0.5868516055481664,241.7382985666726
D_SMA100_voltarget40,BTCUSDT,IS_1a_metade,base,0.6273905459664553,1.0762800727780268,-0.26783650879157295,1.715531880787151,13,0.23076923076923078,0.0786586368717043,5.7776408573389695,,0.7299270072992701,
D_SMA100_voltarget40,BTCUSDT,OOS_2a_metade,base,0.1131332268599814,0.17459933164270858,-0.25522096294638685,0.6011891162928987,9,0.2222222222222222,0.02180458795609545,2.165784922905894,,0.4438957684418446,
D_SMA100_voltarget40,BTCUSDT,TOTAL,estresse,0.32573806047537546,1.3312920769963097,-0.27874684296197405,1.1810425980304609,22,0.22727272727272727,0.05307703344295788,3.8395985189674287,,0.5868516055481664,231.08218405333528
D_SMA100_voltarget40,BTCUSDT,IS_1a_metade,estresse,0.5983208486900589,1.0208887838458192,-0.27874684296197405,1.6569769462947475,13,0.23076923076923078,0.0761493349547943,5.309869835078023,,0.7299270072992701,
D_SMA100_voltarget40,BTCUSDT,OOS_2a_metade,estresse,0.0998378355915448,0.15359741497490154,-0.2666090448662547,0.5459770878290631,9,0.2222222222222222,0.01975037570363864,1.979214260100276,,0.4438957684418446,
D_SMA100_voltarget40,BTCUSDT,TOTAL,sem_custo,0.37643080535739304,1.6092543171015317,-0.25117518358148117,1.3209117511198314,22,0.22727272727272727,0.05889366796529776,4.821619349459783,,0.5868516055481664,258.6343394274617
D_SMA100_voltarget40,BTCUSDT,IS_1a_metade,sem_custo,0.6719506636620551,1.1621514756283697,-0.25117518358148117,1.803082524569355,13,0.23076923076923078,0.08243433119252272,6.62502834361133,,0.7299270072992701,
D_SMA100_voltarget40,BTCUSDT,OOS_2a_metade,sem_custo,0.13335625491368797,0.20678608622609285,-0.23996389415264552,0.6836739692083925,9,0.2222222222222222,0.024890487748195085,2.508305862501633,,0.4438957684418446,
H4_Donchian20_vol,BTCUSDT,TOTAL,base,0.11131743582958897,0.37277085401726695,-0.3858465006473173,0.495551287219166,73,0.3835616438356164,0.006312705687198033,1.3528820729136133,,0.31814554436633097,136.0717047345649
H4_Donchian20_vol,BTCUSDT,IS_1a_metade,base,0.21936901646264872,0.34654969398351887,-0.3015438815052748,0.7426783419849963,37,0.32432432432432434,0.010976741052897428,1.534464579866198,,0.34397810218978103,
H4_Donchian20_vol,BTCUSDT,OOS_2a_metade,base,0.012927264916739789,0.019472849870232123,-0.2921449991067122,0.16889011047492217,36,0.4444444444444444,0.0015191137835625429,1.100161889903004,,0.29233457418521613,
H4_Donchian20_vol,BTCUSDT,TOTAL,estresse,0.05808890274304446,0.18470777115027692,-0.4404650097455445,0.3181649521638226,73,0.3698630136986301,0.004297550480534151,1.225017374370839,,0.31814554436633097,117.4305278706604
H4_Donchian20_vol,BTCUSDT,IS_1a_metade,estresse,0.15980574594241803,0.24908667030511955,-0.3195236812754403,0.583618701981388,37,0.32432432432432434,0.008953272991937348,1.409774512136121,,0.34397810218978103,
H4_Donchian20_vol,BTCUSDT,OOS_2a_metade,estresse,-0.03462901571064381,-0.05154077830253079,-0.3348156419377337,-0.03774308146164766,36,0.4166666666666667,-0.00048749765618580045,0.9700403881910725,,0.29233457418521613,
H4_Donchian20_vol,BTCUSDT,TOTAL,sem_custo,0.19611262784513195,0.7118203246879709,-0.30320141106505594,0.7660821479732833,73,0.410958904109589,0.009339225454954289,1.5794664751890508,,0.31814554436633097,169.67894466722026
H4_Donchian20_vol,BTCUSDT,IS_1a_metade,sem_custo,0.31437474404935384,0.5069744685556594,-0.2737150940489811,0.9839324312248865,37,0.35135135135135137,0.01401574379312209,1.7536005338448308,,0.34397810218978103,
H4_Donchian20_vol,BTCUSDT,OOS_2a_metade,sem_custo,0.0885918420070766,0.13593186905723975,-0.240080726918953,0.4873541005541889,36,0.4722222222222222,0.00453280382961516,1.3341155621068497,,0.29233457418521613,
H4_EMA50_filtroD_SMA100,BTCUSDT,TOTAL,base,0.1818805139498043,0.65140342429865,-0.3736524167301546,0.724978808624086,155,0.2645161290322581,0.004254852492637156,1.4621122522554195,,0.393197795933878,163.69030453351164
H4_EMA50_filtroD_SMA100,BTCUSDT,IS_1a_metade,base,0.33834960832435623,0.5484002815920095,-0.3736524167301546,1.0017719322971737,100,0.23,0.005753077854654214,1.590277741483255,,0.48813868613138683,
H4_EMA50_filtroD_SMA100,BTCUSDT,OOS_2a_metade,base,0.04382623740451952,0.06652229654772235,-0.19903832183966774,0.31326513342622997,55,0.32727272727272727,0.0015308063798788695,1.1860616090728104,,0.29833624553673177,
H4_EMA50_filtroD_SMA100,BTCUSDT,TOTAL,estresse,0.06606556858515789,0.21172052068513847,-0.42823757668110307,0.36372068405213104,155,0.24516129032258063,0.002251219994137876,1.2108758868796137,,0.393197795933878,120.10808390123898
H4_EMA50_filtroD_SMA100,BTCUSDT,IS_1a_metade,estresse,0.17101397731790957,0.26723967384920466,-0.42305538899491346,0.6188748801880652,100,0.21,0.003739822081957843,1.331319187019623,,0.48813868613138683,
H4_EMA50_filtroD_SMA100,BTCUSDT,OOS_2a_metade,estresse,-0.029396292887938325,-0.043811091390019596,-0.25441296688212833,-0.04668393490982211,55,0.3090909090909091,-0.00045532925644388254,0.9523846381692841,,0.29833624553673177,
H4_EMA50_filtroD_SMA100,BTCUSDT,TOTAL,sem_custo,0.3793485655975677,1.6258929701510265,-0.29555869514945154,1.281886757610848,155,0.27741935483870966,0.00726405257518862,2.029349253130703,,0.393197795933878,260.28359493015995
H4_EMA50_filtroD_SMA100,BTCUSDT,IS_1a_metade,sem_custo,0.6348277268851765,1.0905314079053086,-0.29555869514945154,1.5907229302950974,100,0.24,0.008776743437754612,2.171820390379463,,0.48813868613138683,
H4_EMA50_filtroD_SMA100,BTCUSDT,OOS_2a_metade,sem_custo,0.16398758491694387,0.25608874385778546,-0.1272317133231461,0.8730692402754823,55,0.34545454545454546,0.0045137055523413626,1.7199069447055035,,0.29833624553673177,
H1_reversao_BB_em_tendencia,BTCUSDT,TOTAL,base,-0.29469856193349386,-0.6493712232804283,-0.66553410980867,-2.1789388524578444,348,0.4942528735632184,-0.0029129629553727447,0.5875450233467069,-0.2559071466859414,,34.75500316575568
H1_reversao_BB_em_tendencia,BTCUSDT,IS_1a_metade,base,-0.32319627324625233,-0.44325614594943463,-0.47282874453575974,-2.003402247976523,196,0.5,-0.0028612838972842665,0.6335213698978476,-0.2523695198229348,,
H1_reversao_BB_em_tendencia,BTCUSDT,OOS_2a_metade,base,-0.2650457467544929,-0.3702152719449212,-0.393005054252493,-2.653895742921487,152,0.4868421052631579,-0.0029796017408026247,0.5116874587760694,-0.26046882343034466,,
H1_reversao_BB_em_tendencia,BTCUSDT,TOTAL,estresse,-0.4556634526534724,-0.8388907858401387,-0.8415183584433202,-3.6027509663388666,364,0.4010989010989011,-0.0049152496294643565,0.39185512443065357,-0.45399519880117484,,15.969457214964072
H1_reversao_BB_em_tendencia,BTCUSDT,IS_1a_metade,estresse,-0.4923379711702721,-0.6383446889978539,-0.6468611958099305,-3.34260219480374,202,0.4158415841584158,-0.004906839581265793,0.44563080274124145,-0.43954984129681074,,
H1_reversao_BB_em_tendencia,BTCUSDT,OOS_2a_metade,estresse,-0.41640048428226906,-0.5545227478799409,-0.5597296065877724,-4.266171824871575,162,0.38271604938271603,-0.004925736232773675,0.3085406362575957,-0.47200731124488804,,
H1_reversao_BB_em_tendencia,BTCUSDT,TOTAL,sem_custo,-0.006315725178238973,-0.018839108743239352,-0.2645156227178743,-0.0028981295926045975,345,0.5391304347826087,4.161934614339043e-05,1.007291038014558,0.012387145394999282,,97.2545670688556
H1_reversao_BB_em_tendencia,BTCUSDT,IS_1a_metade,sem_custo,0.00483119435170809,0.007256644739431328,-0.21027968704340216,0.060617258406645357,194,0.5309278350515464,0.0001628307364998592,1.0254308495265667,-0.0010892181039400181,,
H1_reversao_BB_em_tendencia,BTCUSDT,OOS_2a_metade,sem_custo,-0.017330299998982834,-0.025907750143878583,-0.18078708897704676,-0.1089650439820987,151,0.5496688741721855,-0.00011410919510929133,0.9763057172649857,0.029701148830722668,,
M15_rompimento_stop1xATR1h_2R,BTCUSDT,TOTAL,base,-0.1656405608589252,-0.41915294272439774,-0.4469262792949127,-2.539028609575296,203,0.2955665024630542,-0.0026390716304356804,0.5033955779542043,-0.5943745879698779,,57.57468483706059
M15_rompimento_stop1xATR1h_2R,BTCUSDT,IS_1a_metade,base,-0.11151841368624171,-0.16235965141428088,-0.20469313225199326,-1.4022836423804688,105,0.3333333333333333,-0.0016393323767505343,0.6956271557339677,-0.42636007912931695,,
M15_rompimento_stop1xATR1h_2R,BTCUSDT,OOS_2a_metade,base,-0.21636190474082395,-0.30656748059437366,-0.3224012579310761,-4.30452737927546,98,0.25510204081632654,-0.003710220830812623,0.2915923667672428,-0.774390133156193,,
M15_rompimento_stop1xATR1h_2R,BTCUSDT,TOTAL,estresse,-0.27414947154856484,-0.6175756294028334,-0.620499130355266,-4.291514364076654,203,0.21674876847290642,-0.004692571664158159,0.3038816495004825,-1.01406429909908,,37.90664398717263
M15_rompimento_stop1xATR1h_2R,BTCUSDT,IS_1a_metade,estresse,-0.2205913265148598,-0.31162215442881425,-0.3279878771061756,-2.9380342572227494,105,0.29523809523809524,-0.0035053349446056144,0.46540982225514255,-0.7200147985388868,,
M15_rompimento_stop1xATR1h_2R,BTCUSDT,OOS_2a_metade,estresse,-0.3239272057902517,-0.44445572579424364,-0.45028607715392444,-6.206207249068953,98,0.1326530612244898,-0.005964611006535884,0.14032313156868773,-1.329117335413573,,
M15_rompimento_stop1xATR1h_2R,BTCUSDT,TOTAL,sem_custo,0.010305237680828583,0.03123509968137861,-0.16294967854474873,0.18616441129029215,203,0.3497536945812808,0.00018453006590669492,1.0537889715227442,0.0038482159344617873,,102.21801955157123
M15_rompimento_stop1xATR1h_2R,BTCUSDT,IS_1a_metade,sem_custo,0.08393724820701953,0.12836163083133134,-0.07128441663425156,1.0429542863386039,105,0.38095238095238093,0.0011959871224250932,1.335649291882776,0.12200094189444244,,
M15_rompimento_stop1xATR1h_2R,BTCUSDT,OOS_2a_metade,sem_custo,-0.05818131571320173,-0.08607748482053035,-0.12312864730497719,-1.1696461030635983,98,0.3163265306122449,-0.0008991739232201604,0.7265773399603197,-0.12274399045123177,,
M15_rompimento_stop1.5xATR15m_2R,BTCUSDT,TOTAL,base,-0.17201193828454264,-0.4323579460138116,-0.4419901032004312,-3.2102227179146974,203,0.27586206896551724,-0.0027637163168904894,0.42384751231172424,-0.8126151701470765,,56.265779346127516
M15_rompimento_stop1.5xATR15m_2R,BTCUSDT,IS_1a_metade,base,-0.12026355905549979,-0.1746827539997473,-0.19165568029716928,-1.9288244779254498,105,0.3333333333333333,-0.001797774568279926,0.611518674216822,-0.5774343299912743,,
M15_rompimento_stop1.5xATR15m_2R,BTCUSDT,OOS_2a_metade,base,-0.22061684233993994,-0.3122135073062382,-0.3243330042900061,-4.955330387528261,98,0.21428571428571427,-0.003798653904687522,0.23692400779582554,-1.064594641742579,,
M15_rompimento_stop1.5xATR15m_2R,BTCUSDT,TOTAL,estresse,-0.26197855280085847,-0.5980142010654723,-0.6001619114109766,-4.735939902685228,203,0.19704433497536947,-0.004457513643374418,0.26883568670941244,-1.3039279788972205,,39.84561063489712
M15_rompimento_stop1.5xATR15m_2R,BTCUSDT,IS_1a_metade,estresse,-0.21270088663101627,-0.3011540693414916,-0.31543196362681947,-3.364436366507234,105,0.2571428571428571,-0.003376267041381319,0.4199958996956745,-1.0162800030964496,,
M15_rompimento_stop1.5xATR15m_2R,BTCUSDT,OOS_2a_metade,estresse,-0.3080790582361903,-0.424786234992104,-0.4288771054034718,-6.534644381040714,98,0.1326530612244898,-0.00561599214550988,0.12133122967902854,-1.6121222386837608,,
M15_rompimento_stop1.5xATR15m_2R,BTCUSDT,TOTAL,sem_custo,-0.0012178286074187028,-0.003649003682928531,-0.14357453556498523,0.004016523735771207,203,0.3251231527093596,3.188307588306659e-06,1.0011241158444049,-0.04387670564399483,,98.760239690477
M15_rompimento_stop1.5xATR15m_2R,BTCUSDT,IS_1a_metade,sem_custo,0.06182028771258108,0.09404059479730775,-0.05456673576220439,0.9871878418365101,105,0.37142857142857144,0.0008839486014928587,1.3128487748105604,0.1031030010582279,,
M15_rompimento_stop1.5xATR15m_2R,BTCUSDT,OOS_2a_metade,sem_custo,-0.06038901744120084,-0.08929248050282368,-0.11470175016023254,-1.4407612576472828,98,0.2755102040816326,-0.0009404834358808562,0.6697566548039384,-0.20135496282494775,,
M15_pullbackEMA21_stop1xATR1h_2R,BTCUSDT,TOTAL,base,-0.25658389489585676,-0.5891346015295601,-0.5981188455078986,-3.2094258806361107,344,0.3313953488372093,-0.0025485703582510265,0.5045591942888152,-0.43624123505963214,,40.725773731801446
M15_pullbackEMA21_stop1xATR1h_2R,BTCUSDT,IS_1a_metade,base,-0.2864466158665988,-0.3969099613312296,-0.4138678036816624,-3.105395211561133,192,0.3229166666666667,-0.0025881537783032926,0.5338145261828573,-0.3864492122019178,,
M15_pullbackEMA21_stop1xATR1h_2R,BTCUSDT,OOS_2a_metade,base,-0.22554450966077888,-0.31873290532643717,-0.3336299246805785,-3.5154660770129005,152,0.34210526315789475,-0.002498570248711322,0.46023874517808727,-0.49913642182727136,,
M15_pullbackEMA21_stop1xATR1h_2R,BTCUSDT,TOTAL,estresse,-0.4342575208288263,-0.8189229448575968,-0.8189229448575968,-5.901044525378416,344,0.21511627906976744,-0.004923723450650234,0.2748634789557134,-0.9221012913813009,,17.948708270893768
M15_pullbackEMA21_stop1xATR1h_2R,BTCUSDT,IS_1a_metade,estresse,-0.46867594228739784,-0.6123020461822383,-0.6226771924133274,-5.688075061229846,192,0.22916666666666666,-0.0048835275473287625,0.3126634190679258,-0.793587993589829,,
M15_pullbackEMA21_stop1xATR1h_2R,BTCUSDT,OOS_2a_metade,estresse,-0.39769789822527113,-0.5329429692385765,-0.5329429692385765,-6.40009110327116,152,0.19736842105263158,-0.004974497223266829,0.22179223028578007,-1.0844338780652654,,
M15_pullbackEMA21_stop1xATR1h_2R,BTCUSDT,TOTAL,sem_custo,0.010392896247078287,0.0315035440212692,-0.12722700929816533,0.16203061432582003,344,0.4011627906976744,0.000123074390798499,1.036009068141938,0.08403339053936365,,102.24462827424944
M15_pullbackEMA21_stop1xATR1h_2R,BTCUSDT,IS_1a_metade,sem_custo,0.021954065384152566,0.03307407451534905,-0.12722700929816533,0.26183475224511527,192,0.4166666666666667,0.00021075810946795682,1.0557172382126732,0.10844045003087423,,
M15_pullbackEMA21_stop1xATR1h_2R,BTCUSDT,OOS_2a_metade,sem_custo,-0.0010126790591331591,-0.0015202496440699376,-0.09842661959911947,0.018501219713290034,152,0.3815789473684211,1.2316009321289143e-05,1.0041648718761107,0.053203420655350254,,
BH_comprar_segurar,ETHUSDT,TOTAL,base,0.18952520572168385,0.683676001637852,-0.6915115004366729,0.5793557545475904,0,,,,,1.0,166.88922487908306
BH_comprar_segurar,ETHUSDT,IS_1a_metade,base,0.0787010610314034,0.12036405146847784,-0.569917099764121,0.4177214806946596,0,,,,,1.0,
BH_comprar_segurar,ETHUSDT,OOS_2a_metade,base,0.31164534665631094,0.5027936673182551,-0.691511500436673,0.8645031255246128,0,,,,,1.0,
BH_comprar_segurar,ETHUSDT,TOTAL,estresse,0.1895252057216843,0.6836760016378534,-0.691511500436675,0.5793557545475915,0,,,,,1.0,166.8892248790832
BH_comprar_segurar,ETHUSDT,IS_1a_metade,estresse,0.07870106103141072,0.12036405146848916,-0.5699170997641207,0.4177214806946736,0,,,,,1.0,
BH_comprar_segurar,ETHUSDT,OOS_2a_metade,estresse,0.31164534665630295,0.5027936673182412,-0.691511500436675,0.8645031255246056,0,,,,,1.0,
BH_comprar_segurar,ETHUSDT,TOTAL,sem_custo,0.18952520572168408,0.6836760016378529,-0.691511500436677,0.5793557545475901,0,,,,,1.0,166.88922487908317
BH_comprar_segurar,ETHUSDT,IS_1a_metade,sem_custo,0.07870106103141317,0.12036405146849316,-0.5699170997641196,0.41772148069467424,0,,,,,1.0,
BH_comprar_segurar,ETHUSDT,OOS_2a_metade,sem_custo,0.3116453466562994,0.5027936673182352,-0.691511500436677,0.8645031255246015,0,,,,,1.0,
D_SMA50_exec_21hBRT,ETHUSDT,TOTAL,base,0.6259061266015606,3.3020128293565154,-0.38800787908047163,1.2969239640728447,23,0.34782608695652173,0.08308517157232809,4.028644314939872,,0.5257457723731712,426.42384034265547
D_SMA50_exec_21hBRT,ETHUSDT,IS_1a_metade,base,0.3525594982722524,0.5731295597546657,-0.38800787908047163,0.9227788039451168,14,0.2857142857142857,0.043760430050751524,2.5092198751703942,,0.4981751824817518,
D_SMA50_exec_21hBRT,ETHUSDT,OOS_2a_metade,base,0.9542664960113187,1.734684376554101,-0.3214995852501109,1.635116172691068,9,0.4444444444444444,0.14425699171700276,6.769606240733947,,0.5532933221909899,
D_SMA50_exec_21hBRT,ETHUSDT,TOTAL,estresse,0.6011347217273599,3.108248974336691,-0.3965348861084921,1.2637161095661047,23,0.30434782608695654,0.0809827079818197,3.8197865677966316,,0.5257457723731712,407.21759190626716
D_SMA50_exec_21hBRT,ETHUSDT,IS_1a_metade,estresse,0.326611970444449,0.5280721910017931,-0.3965348861084921,0.8788643789758356,14,0.21428571428571427,0.041670881020299734,2.3695644353687277,,0.4981751824817518,
D_SMA50_exec_21hBRT,ETHUSDT,OOS_2a_metade,estresse,0.9322312631249503,1.688517596569409,-0.3269171672110467,1.6113462145966557,9,0.4444444444444444,0.14213443881085075,6.4532390296675235,,0.5532933221909899,
D_SMA50_exec_21hBRT,ETHUSDT,TOTAL,sem_custo,0.6637357429509829,3.6095292094061637,-0.3750073814274547,1.3465484897944346,23,0.34782608695652173,0.0862426926043529,4.374816724491207,,0.5257457723731712,456.90545928488837
D_SMA50_exec_21hBRT,ETHUSDT,IS_1a_metade,sem_custo,0.3923848642928083,0.6431292995008275,-0.3750073814274547,0.988449297123145,14,0.2857142857142857,0.04689867923781294,2.741229788451135,,0.4981751824817518,
D_SMA50_exec_21hBRT,ETHUSDT,OOS_2a_metade,sem_custo,0.9877491374749356,1.8053356548425676,-0.31330167203318904,1.6706145454979324,9,0.4444444444444444,0.14744449117452618,7.29863269473624,,0.5532933221909899,
D_SMA100_exec_21hBRT,ETHUSDT,TOTAL,base,0.3440806411731616,1.4294635310544415,-0.466974529690227,0.8852694776400999,23,0.17391304347826086,0.057973240245239484,3.004648536439774,,0.5184495534866046,240.81312863951237
D_SMA100_exec_21hBRT,ETHUSDT,IS_1a_metade,base,0.16236198272444735,0.25321909514051066,-0.466974529690227,0.5562695450980385,14,0.14285714285714285,0.02931689217817322,1.9659892866304427,,0.583941605839416,
D_SMA100_exec_21hBRT,ETHUSDT,OOS_2a_metade,base,0.5540546617334801,0.9385784500690604,-0.40268634658998614,1.234144146795417,9,0.2222222222222222,0.10254978168289809,4.84146999545431,,0.45301223125427337,
D_SMA100_exec_21hBRT,ETHUSDT,TOTAL,estresse,0.32402009182260727,1.3222352476825159,-0.4790323554231507,0.8513610859167071,23,0.17391304347826086,0.05591565907969656,2.832232837120554,,0.5184495534866046,230.1844535977305
D_SMA100_exec_21hBRT,ETHUSDT,IS_1a_metade,estresse,0.14079758230334094,0.21850114198183435,-0.4765051633835199,0.5152099460294483,14,0.14285714285714285,0.027253876471516995,1.8514828853857652,,0.583941605839416,
D_SMA100_exec_21hBRT,ETHUSDT,OOS_2a_metade,estresse,0.536511303027172,0.9058129431914281,-0.4121916590542478,1.2077517664748911,9,0.2222222222222222,0.1005006542479759,4.563809886490435,,0.45301223125427337,
D_SMA100_exec_21hBRT,ETHUSDT,TOTAL,sem_custo,0.3747039626014437,1.5994401204571678,-0.45400497209605106,0.9360038645551929,23,0.17391304347826086,0.06106336433318775,3.3026401864690498,,0.5184495534866046,257.66153725578766
D_SMA100_exec_21hBRT,ETHUSDT,IS_1a_metade,sem_custo,0.195433231188741,0.30709054847241024,-0.45400497209605106,0.6177558848510155,14,0.14285714285714285,0.032415296010789255,2.1635786478083388,,0.583941605839416,
D_SMA100_exec_21hBRT,ETHUSDT,OOS_2a_metade,sem_custo,0.5807122881211568,0.9887222989219222,-0.3881578259812425,1.2735932452596097,9,0.2222222222222222,0.10562702616802983,5.322724248930949,,0.45301223125427337,
D_SMA100_exec_10hBRT,ETHUSDT,TOTAL,base,0.23701937040239351,0.8936430118962377,-0.5900593147814688,0.6967812820808966,23,0.2608695652173913,0.045255300704549896,2.233830433949514,,0.51795553866616,187.70156143202612
D_SMA100_exec_10hBRT,ETHUSDT,IS_1a_metade,base,-0.01704084656675864,-0.025455883789057054,-0.5582575206753755,0.19221110002179864,14,0.2857142857142857,0.01102137063640289,1.2356459782822762,,0.583941605839416,
D_SMA100_exec_10hBRT,ETHUSDT,OOS_2a_metade,base,0.5564712626977346,0.9431065052845213,-0.36638057511883504,1.2399391308463048,9,0.2222222222222222,0.09850808081055634,5.695387192918649,,0.4520246144495936,
D_SMA100_exec_10hBRT,ETHUSDT,TOTAL,estresse,0.21858637780387546,0.8101962662751305,-0.6013938900351035,0.6630508026325975,23,0.2608695652173913,0.04322683715641753,2.1349965563690114,,0.51795553866616,179.43015845316245
D_SMA100_exec_10hBRT,ETHUSDT,IS_1a_metade,estresse,-0.03525370754741086,-0.05241948640123828,-0.570046286681093,0.15196374782420588,14,0.2857142857142857,0.008997055182317073,1.1870143789479204,,0.583941605839416,
D_SMA100_exec_10hBRT,ETHUSDT,OOS_2a_metade,estresse,0.5389384930891379,0.9103350483646924,-0.3753963711164813,1.2135327750726193,9,0.2222222222222222,0.0964731646716849,5.288957226310792,,0.4520246144495936,
D_SMA100_exec_10hBRT,ETHUSDT,TOTAL,sem_custo,0.26515735450738176,1.025909640133607,-0.572472755724376,0.7473267792132254,23,0.2608695652173913,0.04830168596658295,2.39737711600142,,0.51795553866616,200.81208569110643
D_SMA100_exec_10hBRT,ETHUSDT,IS_1a_metade,sem_custo,0.010889672140304008,0.016381408759822635,-0.5399888945883861,0.25264846357990844,14,0.2857142857142857,0.01406164748397058,1.3141470870102896,,0.583941605839416,
D_SMA100_exec_10hBRT,ETHUSDT,OOS_2a_metade,sem_custo,0.5831120508121894,0.9932572779008222,-0.35293698928626616,1.2794084813955346,9,0.2222222222222222,0.10156396805064664,6.429348651494269,,0.4520246144495936,
D_SMA200_exec_21hBRT,ETHUSDT,TOTAL,base,0.29666413161642136,1.1811645429833475,-0.39955602459877926,0.8040114476488719,12,0.3333333333333333,0.08406241897162663,5.900840460374928,,0.4883526505795174,216.20125223506463
D_SMA200_exec_21hBRT,ETHUSDT,IS_1a_metade,base,0.3720399499224145,0.6072427532215423,-0.2987895439997683,0.8763085858041466,5,0.4,0.1289276243716874,10.936843170789249,,0.6514598540145985,
D_SMA200_exec_21hBRT,ETHUSDT,OOS_2a_metade,base,0.22551129619013066,0.35708469589391,-0.39955602459877915,0.7271218922225212,7,0.2857142857142857,0.05201584368586893,3.5831105920079485,,0.32538175188027046,
D_SMA200_exec_21hBRT,ETHUSDT,TOTAL,estresse,0.28675810253366163,1.1315257932161544,-0.40434369377019963,0.7867846003217744,12,0.3333333333333333,0.08199451677714843,5.443826126999848,,0.4883526505795174,211.2809632575209
D_SMA200_exec_21hBRT,ETHUSDT,IS_1a_metade,estresse,0.36291120188236037,0.5912265662525769,-0.2994918078515414,0.8630718849254928,5,0.4,0.12666837275525664,9.95265872932235,,0.6514598540145985,
D_SMA200_exec_21hBRT,ETHUSDT,OOS_2a_metade,estresse,0.21494173319189636,0.3395488979523582,-0.40434369377019974,0.7041412557915743,7,0.2857142857142857,0.05008461964992829,3.326849273487088,,0.32538175188027046,
D_SMA200_exec_21hBRT,ETHUSDT,TOTAL,sem_custo,0.3116474948706516,1.2577011083780851,-0.39231138745668614,0.8297837619593253,12,0.3333333333333333,0.08716796646569387,6.733905699820716,,0.4883526505795174,223.78770477178162
D_SMA200_exec_21hBRT,ETHUSDT,IS_1a_metade,sem_custo,0.38583049582616735,0.6315391620826007,-0.29773614822209826,0.8961143891384198,5,0.4,0.13232074475894545,12.80220064686369,,0.6514598540145985,
D_SMA200_exec_21hBRT,ETHUSDT,OOS_2a_metade,sem_custo,0.24151815267000543,0.3837860352038447,-0.39231138745668603,0.7614923401012144,7,0.2857142857142857,0.05491598197051416,4.041986180642594,,0.32538175188027046,
D_TSMOM14_exec_21hBRT,ETHUSDT,TOTAL,base,0.24310839359544323,0.9217615398812096,-0.4682816051248021,0.6869662531399275,68,0.35294117647058826,0.01672640486072404,1.6265421535681832,,0.5107353220596618,190.4887243633667
D_TSMOM14_exec_21hBRT,ETHUSDT,IS_1a_metade,base,0.09461526624362682,0.1452523956140055,-0.4645943312444525,0.3910029277149978,30,0.26666666666666666,0.011297478800970439,1.4132663301133341,,0.4781021897810219,
D_TSMOM14_exec_21hBRT,ETHUSDT,OOS_2a_metade,base,0.4116190313605661,0.6780244662582813,-0.4682816051248021,0.9395108949616902,38,0.42105263157894735,0.021012399118424254,1.8022881981039407,,0.5433411836207551,
D_TSMOM14_exec_21hBRT,ETHUSDT,TOTAL,estresse,0.18754781411048604,0.6752883543119184,-0.4902410343179291,0.5857817935710253,68,0.3088235294117647,0.014691369038822637,1.5251045981851403,,0.5107353220596618,166.0578250376513
D_TSMOM14_exec_21hBRT,ETHUSDT,IS_1a_metade,estresse,0.0508736379421586,0.07728512479819627,-0.4887388996067892,0.29171112015679834,30,0.2,0.009271111896890002,1.3220630757267664,,0.4781021897810219,
D_TSMOM14_exec_21hBRT,ETHUSDT,OOS_2a_metade,estresse,0.34187791473865703,0.5551020948383965,-0.4901767297655163,0.8359966605827743,38,0.39473684210526316,0.018970519414032615,1.6938848288247839,,0.5433411836207551,
D_TSMOM14_exec_21hBRT,ETHUSDT,TOTAL,sem_custo,0.3312468280117129,1.3604921414911217,-0.4337079116212974,0.8385869189042359,68,0.35294117647058826,0.019782781082434444,1.7967174253259626,,0.5107353220596618,233.97655097738593
D_TSMOM14_exec_21hBRT,ETHUSDT,IS_1a_metade,sem_custo,0.16357596828003085,0.25518322342681854,-0.4262725311576355,0.5398927023332589,30,0.26666666666666666,0.014340839496189483,1.568846907232165,,0.4781021897810219,
D_TSMOM14_exec_21hBRT,ETHUSDT,OOS_2a_metade,sem_custo,0.5229407558287702,0.880595675145069,-0.4337079116212975,1.0945560646002879,38,0.42105263157894735,0.02407905075578572,1.9816021918198388,,0.5433411836207551,
D_TSMOM28_exec_21hBRT,ETHUSDT,TOTAL,base,0.29473286693446443,1.1714271983645812,-0.46682412724233735,0.8105402253999119,46,0.3695652173913043,0.024366677241987152,1.9119486527979241,,0.5202736082082462,215.23606778495332
D_TSMOM28_exec_21hBRT,ETHUSDT,IS_1a_metade,base,0.189978094116674,0.29815241189681263,-0.46682412724233735,0.6249005271512981,22,0.4090909090909091,0.01948348347290533,1.6350298956345373,,0.48905109489051096,
D_TSMOM28_exec_21hBRT,ETHUSDT,OOS_2a_metade,base,0.4086376089407049,0.672705899911838,-0.4156744865330593,0.9860120394294363,24,0.3333333333333333,0.028842938196978824,2.249279825762915,,0.5514700296285041,
D_TSMOM28_exec_21hBRT,ETHUSDT,TOTAL,estresse,0.2555633796999057,0.9801419512003251,-0.4784530298007814,0.7399533741711978,46,0.3695652173913043,0.022341466088988446,1.799935633240703,,0.5202736082082462,196.27550375779376
D_TSMOM28_exec_21hBRT,ETHUSDT,IS_1a_metade,estresse,0.1547227360865595,0.24088298645691264,-0.4784530298007814,0.5545665566085398,22,0.4090909090909091,0.01744134068591303,1.5483913184277285,,0.48905109489051096,
D_TSMOM28_exec_21hBRT,ETHUSDT,OOS_2a_metade,estresse,0.3651384057210214,0.5957523576451114,-0.43298216949989565,0.915117954563008,24,0.3333333333333333,0.026833247708474242,2.1007806162319875,,0.5514700296285041,
D_TSMOM28_exec_21hBRT,ETHUSDT,TOTAL,sem_custo,0.3557119691731212,1.4931219791903168,-0.4489156149186986,0.9163044397889932,46,0.3695652173913043,0.027408251197493856,2.1006230918948625,,0.5202736082082462,247.12307726149592
D_TSMOM28_exec_21hBRT,ETHUSDT,IS_1a_metade,sem_custo,0.2448193173834312,0.3889326198420626,-0.4489156149186986,0.7303308555766931,22,0.4090909090909091,0.02255053647963844,1.7777636503581173,,0.48905109489051096,
D_TSMOM28_exec_21hBRT,ETHUSDT,OOS_2a_metade,sem_custo,0.4764121469775586,0.794991307406844,-0.3900780136373647,1.0921975237360693,24,0.3333333333333333,0.031861156355528,2.506304885097709,,0.5514700296285041,
D_TSMOM28_exec_10hBRT,ETHUSDT,TOTAL,base,0.2693672908016487,1.0462136646849753,-0.5163685420150688,0.7611350888833596,46,0.41304347826086957,0.02259578539117784,1.8418318470183412,,0.5202736082082462,202.8246599132296
D_TSMOM28_exec_10hBRT,ETHUSDT,IS_1a_metade,base,0.14512826563075643,0.225447273246284,-0.5163685420150688,0.5286588623939769,22,0.4090909090909091,0.015983488718376074,1.5224343924652974,,0.4900395377128954,
D_TSMOM28_exec_10hBRT,ETHUSDT,OOS_2a_metade,base,0.4069898245794614,0.6697688340881705,-0.4182060405820641,0.98191559519007,24,0.4166666666666667,0.028657057341246125,2.2246122766256113,,0.5504824128238244,
D_TSMOM28_exec_10hBRT,ETHUSDT,TOTAL,estresse,0.23096575909162564,0.8659613243429392,-0.5269246769666047,0.6909649115029234,46,0.3695652173913043,0.020573713122975627,1.7349905898158793,,0.5202736082082462,184.95769896999607
D_TSMOM28_exec_10hBRT,ETHUSDT,IS_1a_metade,estresse,0.11122740473989046,0.17142601628935927,-0.5269246769666047,0.4590672462648566,22,0.36363636363636365,0.01394982731722741,1.4392383574237133,,0.4900395377128954,
D_TSMOM28_exec_10hBRT,ETHUSDT,OOS_2a_metade,estresse,0.36351121921757734,0.5928972879171734,-0.43544550065166154,0.9111721043452025,24,0.375,0.026645608444911494,2.085872807597196,,0.5504824128238244,
D_TSMOM28_exec_10hBRT,ETHUSDT,TOTAL,sem_custo,0.32915080486153236,1.349353278553596,-0.5001117712110619,0.8663107695410253,46,0.43478260869565216,0.025632644882597963,2.0171088182274275,,0.5202736082082462,232.87244531817973
D_TSMOM28_exec_10hBRT,ETHUSDT,IS_1a_metade,sem_custo,0.1978610327072805,0.31107502535986375,-0.5001117712110619,0.633050814859344,22,0.4090909090909091,0.019037800939076224,1.6585200137854028,,0.4900395377128954,
D_TSMOM28_exec_10hBRT,ETHUSDT,OOS_2a_metade,sem_custo,0.47473409214306517,0.7919289385508248,-0.39166566530394786,1.0878754988422934,24,0.4583333333333333,0.031677918497492887,2.4529811635057976,,0.5504824128238244,
D_TSMOM56_exec_21hBRT,ETHUSDT,TOTAL,base,0.6249307213266073,3.294270245208388,-0.41470303051230417,1.2873454372581294,24,0.4166666666666667,0.07614216256547024,4.583567401256337,,0.5494584837545127,425.65638041225014
D_TSMOM56_exec_21hBRT,ETHUSDT,IS_1a_metade,base,0.4668614267146147,0.7767306520905242,-0.41470303051230417,1.041360907953615,13,0.3076923076923077,0.05605699796364431,3.306007993400354,,0.5912408759124088,
D_TSMOM56_exec_21hBRT,ETHUSDT,OOS_2a_metade,base,0.7999460342353235,1.4169506166597028,-0.24165730983548261,1.5569789068927158,11,0.5454545454545454,0.09987917527671905,6.665480524007987,,0.507711008128846,
D_TSMOM56_exec_21hBRT,ETHUSDT,TOTAL,estresse,0.5996405528873232,3.0967513465426597,-0.4240108114110882,1.2528921892909644,24,0.4166666666666667,0.07404665099674912,4.309753237082063,,0.5494584837545127,406.07792477991535
D_TSMOM56_exec_21hBRT,ETHUSDT,IS_1a_metade,estresse,0.44162846083610074,0.7310765151097656,-0.4240108114110882,1.0047249471443742,13,0.3076923076923077,0.053944389047101735,3.1035016776778317,,0.5912408759124088,
D_TSMOM56_exec_21hBRT,ETHUSDT,OOS_2a_metade,estresse,0.7748808952630508,1.3665917195363773,-0.24165730983548162,1.5249246410598551,11,0.5454545454545454,0.09780386966451421,6.285432661269837,,0.507711008128846,
D_TSMOM56_exec_21hBRT,ETHUSDT,TOTAL,sem_custo,0.6635686814981454,3.608139927969358,-0.40047661220150976,1.3388606282815945,24,0.4583333333333333,0.07928925552546924,5.03979728492866,,0.5494584837545127,456.76775101922334
D_TSMOM56_exec_21hBRT,ETHUSDT,IS_1a_metade,sem_custo,0.5054924137121011,0.8473891781606286,-0.40047661220150976,1.0961997995260562,13,0.38461538461538464,0.059229877373996445,3.6407385454524808,,0.5912408759124088,
D_TSMOM56_exec_21hBRT,ETHUSDT,OOS_2a_metade,sem_custo,0.8381606058740618,1.494406691587042,-0.24165730983548095,1.6048431882327232,11,0.5454545454545454,0.10299579334084617,7.3128378954320805,,0.507711008128846,
D_SMA100_voltarget40,ETHUSDT,TOTAL,base,0.2514874336670858,0.9609083941376273,-0.33558999976325643,0.9841648647367501,23,0.17391304347826086,0.0415181142679449,2.961196868398343,,0.5184495534866046,194.36903634557268
D_SMA100_voltarget40,ETHUSDT,IS_1a_metade,base,0.21863593984908292,0.3453353867240785,-0.3181215684623224,0.8539105341363243,14,0.14285714285714285,0.03497878454656078,2.5623855621088567,,0.583941605839416,
D_SMA100_voltarget40,ETHUSDT,OOS_2a_metade,base,0.2852178580119211,0.45756100187960036,-0.26976779655417393,1.131600988218932,9,0.2222222222222222,0.05169040494565353,3.681776840595056,,0.45301223125427337,
D_SMA100_voltarget40,ETHUSDT,TOTAL,estresse,0.23469135944592256,0.8829654103675253,-0.3499161850444318,0.9323310127244891,23,0.17391304347826086,0.03952484642631575,2.7682595842378004,,0.5184495534866046,186.6431768966636
D_SMA100_voltarget40,ETHUSDT,IS_1a_metade,estresse,0.19766405446064295,0.31075159646028316,-0.3287786333614542,0.7906312055094615,14,0.14285714285714285,0.03280836384691888,2.389984552638236,,0.583941605839416,
D_SMA100_voltarget40,ETHUSDT,OOS_2a_metade,estresse,0.27285140858027157,0.436553970601691,-0.2786703196802315,1.092344894405253,9,0.2222222222222222,0.04997270821648866,3.4488744600157597,,0.45301223125427337,
D_SMA100_voltarget40,ETHUSDT,TOTAL,sem_custo,0.277090730456758,1.0838148925487983,-0.31352540889738467,1.0617548407213047,23,0.17391304347826086,0.04451657831140461,3.295394989857033,,0.5184495534866046,206.55176641506887
D_SMA100_voltarget40,ETHUSDT,IS_1a_metade,sem_custo,0.25075866405536673,0.39888640800761643,-0.30310882116648286,0.9486886564944421,14,0.14285714285714285,0.0382460260982375,2.8599286023197927,,0.583941605839416,
D_SMA100_voltarget40,ETHUSDT,OOS_2a_metade,sem_custo,0.30397868897033486,0.4896240900050639,-0.2562190211620142,1.1903213662108054,9,0.2222222222222222,0.05427077064299789,4.087962432721257,,0.45301223125427337,
H4_Donchian20_vol,ETHUSDT,TOTAL,base,0.2048849892798994,0.7497843434403992,-0.4924003167301988,0.6761828504906765,74,0.32432432432432434,0.011890970375003897,1.466355478445396,,0.3371461143834315,173.44201170430128
H4_Donchian20_vol,ETHUSDT,IS_1a_metade,base,0.05557130135022281,0.08451788911104696,-0.4392716987938501,0.3301611001348964,31,0.2903225806451613,0.007432702885808472,1.2440217049478461,,0.3248175182481752,
H4_Donchian20_vol,ETHUSDT,OOS_2a_metade,base,0.37518695369974253,0.6134213746115844,-0.372785548909379,0.9759132289615094,43,0.3488372093023256,0.015105070192795946,1.6890768593743706,,0.3494644078097698,
H4_Donchian20_vol,ETHUSDT,TOTAL,estresse,0.14685674622616407,0.5088155071741995,-0.5162139373236954,0.5458625014033408,74,0.32432432432432434,0.009866847915259745,1.368195302103576,,0.3371461143834315,149.55671413792857
H4_Donchian20_vol,ETHUSDT,IS_1a_metade,estresse,0.012783691670516628,0.019239645019251794,-0.46397148903074215,0.2127137447556841,31,0.2903225806451613,0.005417300088761719,1.1702584119878123,,0.3248175182481752,
H4_Donchian20_vol,ETHUSDT,OOS_2a_metade,estresse,0.2985570827253188,0.48033439883090545,-0.39739086318575634,0.8338081318148187,43,0.3488372093023256,0.01307466146459553,1.5640827875490517,,0.3494644078097698,
H4_Donchian20_vol,ETHUSDT,TOTAL,sem_custo,0.29735860762625244,1.1846731633294123,-0.45451324555779615,0.873523663149915,74,0.33783783783783783,0.014930953731435163,1.6338657925856495,,0.3371461143834315,216.54903347645558
H4_Donchian20_vol,ETHUSDT,IS_1a_metade,sem_custo,0.12307870359663675,0.19021875467530136,-0.40012235204037727,0.5081696808227035,31,0.2903225806451613,0.010459590753089188,1.368058809047723,,0.3248175182481752,
H4_Donchian20_vol,ETHUSDT,OOS_2a_metade,sem_custo,0.4985323199921674,0.8355223817031887,-0.33403100713269895,1.1909916352026853,43,0.37209302325581395,0.018154494483265983,1.9054793924584046,,0.3494644078097698,
H4_EMA50_filtroD_SMA100,ETHUSDT,TOTAL,base,0.05031439639658086,0.1587689984084253,-0.46542717555294977,0.3117034088677891,160,0.1625,0.00266389044067735,1.2108304895179833,,0.3316359490784724,114.85942649902404
H4_EMA50_filtroD_SMA100,ETHUSDT,IS_1a_metade,base,0.021563459823968234,0.03252396243369948,-0.40424500838466104,0.2373231080722623,82,0.15853658536585366,0.001906739874616592,1.1525793907592108,,0.3704379562043796,
H4_EMA50_filtroD_SMA100,ETHUSDT,OOS_2a_metade,base,0.07985347964699385,0.12226838365781001,-0.4315240823475176,0.3896392185885225,78,0.16666666666666666,0.0034598692408950703,1.2707074003615435,,0.2928663678492745,
H4_EMA50_filtroD_SMA100,ETHUSDT,TOTAL,estresse,-0.05575421081753418,-0.1581985009878516,-0.5530033684575628,0.014737982267942854,160,0.1625,0.0006633531404740371,1.0464307546879694,,0.3316359490784724,83.44099430978625
H4_EMA50_filtroD_SMA100,ETHUSDT,IS_1a_metade,estresse,-0.08442245909114321,-0.12393978700772623,-0.4648255985826152,-0.059992509957714095,82,0.15853658536585366,-9.90043093960739e-05,0.9930066914929068,,0.3704379562043796,
H4_EMA50_filtroD_SMA100,ETHUSDT,OOS_2a_metade,estresse,-0.026217648569944463,-0.039105433019393954,-0.4773929965412699,0.09310350532972125,78,0.16666666666666666,0.001464805844183641,1.1015567119089724,,0.2928663678492745,
H4_EMA50_filtroD_SMA100,ETHUSDT,TOTAL,sem_custo,0.23192418262633296,0.8703258589658347,-0.35516467925393835,0.7676944933850695,160,0.1875,0.005668442143934268,1.5565637355387467,,0.3316359490784724,185.3903200915565
H4_EMA50_filtroD_SMA100,ETHUSDT,IS_1a_metade,sem_custo,0.20373648825159818,0.32073446637146996,-0.3023872401549862,0.6957572680533246,82,0.1951219512195122,0.004919124317275961,1.4893485159057054,,0.3704379562043796,
H4_EMA50_filtroD_SMA100,ETHUSDT,OOS_2a_metade,sem_custo,0.26076753355399584,0.41612557753890456,-0.35516467925393835,0.8428975847384242,78,0.1794871794871795,0.006456186525805821,1.625368111015473,,0.2928663678492745,
H1_reversao_BB_em_tendencia,ETHUSDT,TOTAL,base,-0.26854890542535337,-0.6088818330726404,-0.6546877292408304,-1.634361394657782,318,0.5251572327044025,-0.0028082431761602485,0.6739369955930664,-0.18383509467931905,,38.768389910611056
H1_reversao_BB_em_tendencia,ETHUSDT,IS_1a_metade,base,-0.1618681190618796,-0.23272500607246704,-0.32710885829643954,-0.8468728811905494,164,0.5609756097560976,-0.001473570135441624,0.8101924122785852,-0.1343780746119563,,
H1_reversao_BB_em_tendencia,ETHUSDT,OOS_2a_metade,base,-0.36159346542929716,-0.49025034046098526,-0.5517096471665568,-2.486353662162411,154,0.487012987012987,-0.004229583297445018,0.5555665431642407,-0.23650360955625077,,
H1_reversao_BB_em_tendencia,ETHUSDT,TOTAL,estresse,-0.4101576507303245,-0.7949832279204627,-0.799302388830549,-2.7148029932327535,323,0.47058823529411764,-0.004760469445876039,0.4991343521928888,-0.3022292797780742,,20.32165936099448
H1_reversao_BB_em_tendencia,ETHUSDT,IS_1a_metade,estresse,-0.33756577505107055,-0.46089502886458944,-0.4763718255589644,-2.0347655305870482,167,0.5029940119760479,-0.0035576215992154307,0.5920922069107488,-0.2678359226351673,,
H1_reversao_BB_em_tendencia,ETHUSDT,OOS_2a_metade,estresse,-0.4747647716202723,-0.6197089935050111,-0.6553925446008646,-3.4404266556915752,156,0.4358974358974359,-0.00604813348685246,0.4152176058079494,-0.3390478095400322,,
H1_reversao_BB_em_tendencia,ETHUSDT,TOTAL,sem_custo,0.02714053124396454,0.0837043784469731,-0.3186613516792961,0.2419697036424231,317,0.5741324921135647,0.00039325868297054173,1.055003718969826,0.0014524566193577322,,107.41887604334065
H1_reversao_BB_em_tendencia,ETHUSDT,IS_1a_metade,sem_custo,0.18999878045965324,0.2981862674285003,-0.15406310100548792,1.050229885677104,164,0.5914634146341463,0.0017307266490698178,1.273987922694575,0.05164781732181133,,
H1_reversao_BB_em_tendencia,ETHUSDT,OOS_2a_metade,sem_custo,-0.11331876235812743,-0.16521657512706678,-0.3186613516792961,-0.6624957550772211,153,0.5555555555555556,-0.0010403671107567867,0.8706401989670852,-0.052351720865625236,,
M15_rompimento_stop1xATR1h_2R,ETHUSDT,TOTAL,base,-0.11980669915732822,-0.3180763430071931,-0.31992507178384966,-1.4361618751528527,164,0.3475609756097561,-0.0022661919198566855,0.651240946139502,-0.3157055737669836,,67.59359308532696
M15_rompimento_stop1xATR1h_2R,ETHUSDT,IS_1a_metade,base,-0.09583583351440705,-0.14010918701259711,-0.1424403935552222,-1.1322142155799693,77,0.36363636363636365,-0.0018888857810058432,0.7105126798755111,-0.21758017380112088,,
M15_rompimento_stop1xATR1h_2R,ETHUSDT,OOS_2a_metade,base,-0.1430942844990618,-0.20696483007686606,-0.2697984354806464,-1.7362890878793236,87,0.3333333333333333,-0.0026001295370005344,0.598368691540277,-0.40255219212757476,,
M15_rompimento_stop1xATR1h_2R,ETHUSDT,TOTAL,estresse,-0.20541737025472329,-0.4983277851240985,-0.498684426251107,-2.551924597004625,164,0.2926829268292683,-0.004133275688559573,0.46272071585692187,-0.5761041395048345,,49.726721175907365
M15_rompimento_stop1xATR1h_2R,ETHUSDT,IS_1a_metade,estresse,-0.17367203212320603,-0.24860946895160385,-0.24914363599907108,-2.1005483293224643,77,0.3246753246753247,-0.003634374194093907,0.5266144611445555,-0.4645648650008083,,
M15_rompimento_stop1xATR1h_2R,ETHUSDT,OOS_2a_metade,estresse,-0.23588166357701001,-0.33234157984938806,-0.3821102335939466,-3.007834013674436,87,0.26436781609195403,-0.004574832183661368,0.40638638250088394,-0.6748228077440303,,
M15_rompimento_stop1xATR1h_2R,ETHUSDT,TOTAL,sem_custo,0.02420606655298596,0.07438945092264415,-0.13661897755956842,0.3234361706483007,164,0.3902439024390244,0.0005030883096194762,1.1044983990520951,0.08514857809959796,,106.49556239342948
M15_rompimento_stop1xATR1h_2R,ETHUSDT,IS_1a_metade,sem_custo,0.05162137013983781,0.07833312476604792,-0.05515551349641867,0.6315139118478589,77,0.4155844155844156,0.0010499153163847613,1.2175034862370555,0.17321289901819953,,
M15_rompimento_stop1xATR1h_2R,ETHUSDT,OOS_2a_metade,sem_custo,-0.0024370265435920135,-0.003657194379760309,-0.13661897755956842,0.013090202880619491,87,0.367816091954023,1.9114981792729642e-05,1.0039798136799556,0.007206592918766706,,
M15_rompimento_stop1.5xATR15m_2R,ETHUSDT,TOTAL,base,-0.12976186973503367,-0.34095351723573164,-0.34095351723573164,-1.8643764371485672,164,0.3353658536585366,-0.0024931883741204446,0.5792414736343071,-0.4294683788982858,,65.32596328558492
M15_rompimento_stop1.5xATR15m_2R,ETHUSDT,IS_1a_metade,base,-0.10524955241206979,-0.1534886661739453,-0.16082132457479104,-1.5105674164249896,77,0.35064935064935066,-0.002113541434698756,0.6372465433925063,-0.3667286263471666,,
M15_rompimento_stop1.5xATR15m_2R,ETHUSDT,OOS_2a_metade,base,-0.1535539822859081,-0.22145580758438788,-0.24513508673157547,-2.2074464586465803,87,0.3218390804597701,-0.0028291977342982605,0.5294981670263385,-0.4849966656389318,,
M15_rompimento_stop1.5xATR15m_2R,ETHUSDT,TOTAL,estresse,-0.2447506456336226,-0.5692011207072822,-0.5692011207072822,-3.6583378329124825,164,0.23170731707317074,-0.005080159274814129,0.3252507173659553,-0.8962330198536149,,42.7016189421245
M15_rompimento_stop1.5xATR15m_2R,ETHUSDT,IS_1a_metade,estresse,-0.23708455250620053,-0.3333329191466825,-0.3333329191466825,-3.6320425921626756,77,0.23376623376623376,-0.005210915629307729,0.31657501200214266,-0.8675737707275845,,
M15_rompimento_stop1.5xATR15m_2R,ETHUSDT,OOS_2a_metade,estresse,-0.25232734390911615,-0.3538020825307503,-0.36911794333265124,-3.686293508107774,87,0.22988505747126436,-0.004964432386354275,0.333115388206844,-0.9215981024134352,,
M15_rompimento_stop1.5xATR15m_2R,ETHUSDT,TOTAL,sem_custo,0.007140726226675609,0.021575305395691524,-0.08957730131881314,0.13604521609507883,164,0.3597560975609756,0.00017518147425314205,1.0420438168030153,0.07519504703964992,,101.2605220406122
M15_rompimento_stop1.5xATR15m_2R,ETHUSDT,IS_1a_metade,sem_custo,0.016841924056089086,0.02534063127659314,-0.07371236657075442,0.2752825444160007,77,0.36363636363636365,0.0003714795292685243,1.0891531563219496,0.08223360668185463,,
M15_rompimento_stop1.5xATR15m_2R,ETHUSDT,OOS_2a_metade,sem_custo,-0.00244707744416095,-0.0036722682843589594,-0.08957730131881314,0.00117340102329972,87,0.3563218390804598,1.4464140671140237e-06,1.0003471501231027,0.06896551724137683,,
M15_pullbackEMA21_stop1xATR1h_2R,ETHUSDT,TOTAL,base,-0.3229229178179073,-0.6896018158074723,-0.6896018158074723,-3.380389740459327,305,0.29180327868852457,-0.003770542104718643,0.4696227913877277,-0.43795283890354736,,30.76726894804795
M15_pullbackEMA21_stop1xATR1h_2R,ETHUSDT,IS_1a_metade,base,-0.25518358980825306,-0.35688964750334573,-0.35688964750334573,-2.419408508454316,158,0.33544303797468356,-0.002726029102221011,0.5946580894862317,-0.32454483911084786,,
M15_pullbackEMA21_stop1xATR1h_2R,ETHUSDT,OOS_2a_metade,base,-0.38437898537537074,-0.5173484877245191,-0.5191618642151135,-4.456128374365672,147,0.24489795918367346,-0.004893215944137866,0.34946306157640455,-0.5598471516059045,,
M15_pullbackEMA21_stop1xATR1h_2R,ETHUSDT,TOTAL,estresse,-0.42178942810243747,-0.8066853047990523,-0.8066853047990523,-4.549752225167283,305,0.25245901639344265,-0.005314923349389323,0.35995215110264017,-0.6621932344294369,,19.161726845567845
M15_pullbackEMA21_stop1xATR1h_2R,ETHUSDT,IS_1a_metade,estresse,-0.37419214038139414,-0.504551827926475,-0.504551827926475,-3.72145305686376,158,0.27848101265822783,-0.004369461148810137,0.44742057352135334,-0.5708978623348526,,
M15_pullbackEMA21_stop1xATR1h_2R,ETHUSDT,OOS_2a_metade,estresse,-0.4656806426071932,-0.6098185317913343,-0.6108959665836899,-5.467791477054024,147,0.22448979591836735,-0.006331134422120693,0.27479892163446507,-0.7603202330072892,,
M15_pullbackEMA21_stop1xATR1h_2R,ETHUSDT,TOTAL,sem_custo,-0.07502916354620637,-0.2086199715480309,-0.2989195919462255,-0.6526789137485848,305,0.3770491803278688,-0.0007076636730191271,0.8616812411097353,-0.02066366703475565,,78.44312053189427
M15_pullbackEMA21_stop1xATR1h_2R,ETHUSDT,IS_1a_metade,sem_custo,-0.010863460116080526,-0.01623307987197309,-0.12781815367444072,-0.03852507965791759,158,0.3860759493670886,-4.18308474692826e-05,0.9914283753987011,0.05058490091902302,,
M15_pullbackEMA21_stop1xATR1h_2R,ETHUSDT,OOS_2a_metade,sem_custo,-0.13490807457982024,-0.19556145641797007,-0.24263921042702818,-1.318344058156815,147,0.3673469387755102,-0.0014233207236101163,0.7349430687806596,-0.09724376048167425,,
BH_comprar_segurar,SOLUSDT,TOTAL,base,0.7434990426924084,4.305249228054602,-0.7873759955288557,1.0669385829135072,0,,,,,1.0,525.8665744472777
BH_comprar_segurar,SOLUSDT,IS_1a_metade,base,2.04183686169463,4.306572562858355,-0.6065739835126475,1.6225893696775122,0,,,,,1.0,
BH_comprar_segurar,SOLUSDT,OOS_2a_metade,base,-0.0001660937517107275,-0.00024937655861256847,-0.7578566313947015,0.46729120975112187,0,,,,,1.0,
BH_comprar_segurar,SOLUSDT,TOTAL,estresse,0.7434990426924202,4.305249228054711,-0.7873759955288534,1.0669385829135174,0,,,,,1.0,525.8665744472885
BH_comprar_segurar,SOLUSDT,IS_1a_metade,estresse,2.041836861694649,4.306572562858404,-0.6065739835126465,1.62258936967752,0,,,,,1.0,
BH_comprar_segurar,SOLUSDT,OOS_2a_metade,estresse,-0.00016609375170317797,-0.0002493765586012442,-0.757856631394701,0.46729120975112987,0,,,,,1.0,
BH_comprar_segurar,SOLUSDT,TOTAL,sem_custo,0.7434990426924186,4.305249228054695,-0.7873759955288554,1.0669385829135143,0,,,,,1.0,525.8665744472869
BH_comprar_segurar,SOLUSDT,IS_1a_metade,sem_custo,2.041836861694654,4.306572562858418,-0.6065739835126468,1.6225893696775204,0,,,,,1.0,
BH_comprar_segurar,SOLUSDT,OOS_2a_metade,sem_custo,-0.00016609375170695273,-0.0002493765586067953,-0.7578566313947022,0.4672912097511271,0,,,,,1.0,
D_SMA50_exec_21hBRT,SOLUSDT,TOTAL,base,0.6823182858172558,3.765811179286656,-0.6135600673649735,1.126426812757991,31,0.22580645161290322,0.020849275123965547,1.4904631732130438,,0.5567547026410792,472.39643070133644
D_SMA50_exec_21hBRT,SOLUSDT,IS_1a_metade,base,1.7258851401085105,3.501535620919401,-0.544381928100407,1.6876188124950309,12,0.25,0.03443388311021972,1.6780511169068506,,0.6167883211678832,
D_SMA50_exec_21hBRT,SOLUSDT,OOS_2a_metade,base,0.038726264261328636,0.05870786785272175,-0.6135600673649735,0.3131270674804203,19,0.21052631578947367,0.012269522711594491,1.3290870553109735,,0.49677125275393147,
D_SMA50_exec_21hBRT,SOLUSDT,TOTAL,estresse,0.647844521590317,3.4786241777536304,-0.6348053902105066,1.0929940833403238,31,0.22580645161290322,0.01885541357639361,1.4287677730962562,,0.5567547026410792,443.929899115348
D_SMA50_exec_21hBRT,SOLUSDT,IS_1a_metade,estresse,1.6807513668500942,3.3901818776672457,-0.550733530700471,1.664804949374426,12,0.25,0.03236386566425569,1.620180141181326,,0.6167883211678832,
D_SMA50_exec_21hBRT,SOLUSDT,OOS_2a_metade,estresse,0.013372313627763255,0.020145475187779427,-0.6250179690220737,0.25986964597809065,19,0.21052631578947367,0.010323759626164929,1.2661358791829636,,0.49677125275393147,
D_SMA50_exec_21hBRT,SOLUSDT,TOTAL,sem_custo,0.7353184566302866,4.230876670818175,-0.5967871102858089,1.1764486966622234,31,0.22580645161290322,0.02384371930047694,1.5915541012950791,,0.5567547026410792,518.4946225887322
D_SMA50_exec_21hBRT,SOLUSDT,IS_1a_metade,sem_custo,1.7949270191846298,3.673664674796947,-0.5349022250885982,1.7217647162633336,12,0.25,0.03754279660841874,1.7712246278980073,,0.6167883211678832,
D_SMA50_exec_21hBRT,SOLUSDT,OOS_2a_metade,sem_custo,0.07790150321293554,0.11922378578549542,-0.5967871102858089,0.3927375501138645,19,0.21052631578947367,0.015191670474408439,1.433812366332561,,0.49677125275393147,
D_SMA100_exec_21hBRT,SOLUSDT,TOTAL,base,0.5940251911776453,3.0537330198105384,-0.711079704464409,1.0364184998367705,31,0.1935483870967742,0.14251648531745312,5.394443290659245,,0.5248337450123504,401.81386495074696
D_SMA100_exec_21hBRT,SOLUSDT,IS_1a_metade,base,1.222868587025062,2.3147427751102883,-0.6224393885681484,1.3915423692521487,19,0.15789473684210525,0.21443638656732483,7.8655411602877106,,0.6678832116788321,
D_SMA100_exec_21hBRT,SOLUSDT,OOS_2a_metade,base,0.14343808550477966,0.22294044963282622,-0.37198733194205913,0.5238685393471958,12,0.25,0.028643308338489493,1.8344282586757013,,0.38190382131732886,
D_SMA100_exec_21hBRT,SOLUSDT,TOTAL,estresse,0.5613350338622831,2.8092676606992355,-0.7246696998487924,1.003157595310503,31,0.1935483870967742,0.14027635171522335,5.127859975941571,,0.5248337450123504,377.58198527069936
D_SMA100_exec_21hBRT,SOLUSDT,IS_1a_metade,estresse,1.165605047541014,2.1874651588657974,-0.6314304468419829,1.3570972483247523,19,0.15789473684210525,0.21199987691858482,7.451570801135243,,0.6678832116788321,
D_SMA100_exec_21hBRT,SOLUSDT,OOS_2a_metade,estresse,0.12602076636965287,0.19507742699678499,-0.3782489548591087,0.48910364885509106,12,0.25,0.026714103476567535,1.7470318512345457,,0.38190382131732886,
D_SMA100_exec_21hBRT,SOLUSDT,TOTAL,sem_custo,0.6442842168037588,3.449639969162628,-0.6894548252611254,1.0862105688670392,31,0.1935483870967742,0.1458808053280916,5.846456630565103,,0.5248337450123504,441.05692824638
D_SMA100_exec_21hBRT,SOLUSDT,IS_1a_metade,sem_custo,1.311502035782206,2.5149928376878967,-0.6085576287246557,1.4431387628160555,19,0.15789473684210525,0.21809573844220537,8.575150656341286,,0.6678832116788321,
D_SMA100_exec_21hBRT,SOLUSDT,OOS_2a_metade,sem_custo,0.17003681084967703,0.26590299742673906,-0.3624884477764303,0.5758337124113861,12,0.25,0.03154049456407831,1.9803105177388824,,0.38190382131732886,
D_SMA100_exec_10hBRT,SOLUSDT,TOTAL,base,0.6095872920977987,3.1736968935516954,-0.6927667415252527,1.0515745597228632,31,0.22580645161290322,0.144852878158826,5.379313853238176,,0.5248337450123504,413.70491636603
D_SMA100_exec_10hBRT,SOLUSDT,IS_1a_metade,base,1.3699232582799503,2.6491097211621577,-0.5734253995844769,1.47642938284539,19,0.15789473684210525,0.22227869375967932,8.561436257690717,,0.6688716545012166,
D_SMA100_exec_10hBRT,SOLUSDT,OOS_2a_metade,base,0.09358088918662855,0.14375757718309123,-0.3624740539243587,0.4229981629764464,12,0.3333333333333333,0.022262003457474838,1.5722337674042486,,0.38091620451264907,
D_SMA100_exec_10hBRT,SOLUSDT,TOTAL,estresse,0.5766621912869736,2.922625787624449,-0.7071741892040747,1.0184497712306795,31,0.22580645161290322,0.14261195447974293,5.126586834616793,,0.5248337450123504,388.81826227286024
D_SMA100_exec_10hBRT,SOLUSDT,IS_1a_metade,estresse,1.3090386570687018,2.5093745643606415,-0.583546099032251,1.4420786234583571,19,0.15789473684210525,0.2198316195199625,8.086287436496999,,0.6688716545012166,
D_SMA100_exec_10hBRT,SOLUSDT,OOS_2a_metade,estresse,0.07696007133630522,0.11775637387372928,-0.368820995834122,0.3885016636595008,12,0.3333333333333333,0.020347484832728673,1.5066624322014746,,0.38091620451264907,
D_SMA100_exec_10hBRT,SOLUSDT,TOTAL,sem_custo,0.6602043103519459,3.580221251932662,-0.6698453250799765,1.101158374184403,31,0.22580645161290322,0.14821837777873306,5.804516183472987,,0.5248337450123504,454.00039779990925
D_SMA100_exec_10hBRT,SOLUSDT,IS_1a_metade,sem_custo,1.464153233506587,2.8689304892569085,-0.5578012172923419,1.527864258932,19,0.15789473684210525,0.22595390271088078,9.382735631932539,,0.6688716545012166,
D_SMA100_exec_10hBRT,SOLUSDT,OOS_2a_metade,sem_custo,0.11896222305374837,0.18384687051133053,-0.35284590496511825,0.4746049286518232,12,0.3333333333333333,0.025137129969499305,1.6790682121286842,,0.38091620451264907,
D_SMA200_exec_21hBRT,SOLUSDT,TOTAL,base,0.746344600065519,4.331283539280536,-0.6055354813812495,1.15539739787908,13,0.23076923076923078,0.0026525714261922493,1.0646852307362813,,0.5385141554246627,528.4471457784188
D_SMA200_exec_21hBRT,SOLUSDT,IS_1a_metade,base,1.6048678086232915,3.2050716130858836,-0.6055354813812495,1.5366690511891667,9,0.2222222222222222,-0.030003444537508313,0.3738465359270471,,0.7901459854014599,
D_SMA200_exec_21hBRT,SOLUSDT,OOS_2a_metade,base,0.17121797670588923,0.2678222940817372,-0.3483720911239826,0.5865314851733806,4,0.25,0.07612860734451851,3.9900627597498994,,0.2870926080680696,
D_SMA200_exec_21hBRT,SOLUSDT,TOTAL,estresse,0.7312246328572676,4.193920756459998,-0.6118238717751047,1.1421158671705403,13,0.23076923076923078,0.0007496605842523327,1.0176522964427748,,0.5385141554246627,514.8314808108995
D_SMA200_exec_21hBRT,SOLUSDT,IS_1a_metade,estresse,1.571950941043697,3.125604799832301,-0.6118238717751047,1.5212025474760464,9,0.2222222222222222,-0.031949583457707056,0.3530088407234094,,0.7901459854014599,
D_SMA200_exec_21hBRT,SOLUSDT,OOS_2a_metade,estresse,0.1657514005993459,0.2589477200218311,-0.3496795698441587,0.575390982604192,4,0.25,0.07432295967866095,3.761652802793737,,0.2870926080680696,
D_SMA200_exec_21hBRT,SOLUSDT,TOTAL,sem_custo,0.7692435869897256,4.543897098294321,-0.5959235859130061,1.1752798266075455,13,0.23076923076923078,0.005510314632705323,1.1419692366811414,,0.5385141554246627,549.5218133677155
D_SMA200_exec_21hBRT,SOLUSDT,IS_1a_metade,sem_custo,1.6549712121616542,3.326995819692315,-0.5959235859130061,1.5598226899140644,9,0.2222222222222222,-0.02708057192719065,0.4076508700589231,,0.7901459854014599,
D_SMA200_exec_21hBRT,SOLUSDT,OOS_2a_metade,sem_custo,0.1794555745080617,0.2812346785878195,-0.3464084111192802,0.603212227593891,4,0.25,0.07883980939247126,4.3866076795614575,,0.2870926080680696,
D_TSMOM14_exec_21hBRT,SOLUSDT,TOTAL,base,0.7518904099679826,4.382267306379677,-0.48939690856030804,1.2131975031529907,63,0.5079365079365079,0.04314932258896917,2.744273659410506,,0.5394261827854836,533.5007554778588
D_TSMOM14_exec_21hBRT,SOLUSDT,IS_1a_metade,base,1.6953361752992624,3.42606366383853,-0.43251489076837957,1.7002965388323965,31,0.5161290322580645,0.07804782627800406,3.7908333197501936,,0.5656934306569343,
D_TSMOM14_exec_21hBRT,SOLUSDT,OOS_2a_metade,base,0.1391365924382848,0.2160392879915951,-0.48753117631121967,0.5150200389514056,32,0.5,0.009341397140216624,1.4322618900083335,,0.5131808858163033,
D_TSMOM14_exec_21hBRT,SOLUSDT,TOTAL,estresse,0.6797841949046939,3.744294199154675,-0.5182110709135332,1.1425797550109165,63,0.47619047619047616,0.041079398904422276,2.5982952269539386,,0.5394261827854836,470.26362597378096
D_TSMOM14_exec_21hBRT,SOLUSDT,IS_1a_metade,estresse,1.5842819491886697,3.15531467982437,-0.4437760155849696,1.641322301656506,31,0.4838709677419355,0.07589006749715096,3.62758202588463,,0.5656934306569343,
D_TSMOM14_exec_21hBRT,SOLUSDT,OOS_2a_metade,estresse,0.09229653654235848,0.1417412554072075,-0.5056604475597699,0.4202085660804117,32,0.46875,0.007356563705216368,1.325205116413039,,0.5131808858163033,
D_TSMOM14_exec_21hBRT,SOLUSDT,TOTAL,sem_custo,0.8657475315594332,5.502090305217288,-0.4591195553937095,1.3189770446051543,63,0.5396825396825397,0.04625806281125734,2.9767564235829393,,0.5394261827854836,644.4997790999685
D_TSMOM14_exec_21hBRT,SOLUSDT,IS_1a_metade,sem_custo,1.8707027446776276,3.8650446308841797,-0.4152162826702671,1.7885984188674242,31,0.5483870967741935,0.08128851742467275,4.049097732142318,,0.5656934306569343,
D_TSMOM14_exec_21hBRT,SOLUSDT,OOS_2a_metade,sem_custo,0.21309413111449205,0.3364913990594962,-0.4591195553937095,0.6571968500351956,32,0.53125,0.01232230990451117,1.6086905187609202,,0.5131808858163033,
D_TSMOM28_exec_21hBRT,SOLUSDT,TOTAL,base,0.7904280358746618,4.745559343944802,-0.5789770406151963,1.2358748171508904,38,0.34210526315789475,0.01767274792300493,1.5919437628378463,,0.5676990309709291,569.5109655746986
D_TSMOM28_exec_21hBRT,SOLUSDT,IS_1a_metade,base,2.5024585002213025,5.556675619538706,-0.4416209965157297,2.0191909201498044,15,0.4,0.047386618439170546,2.3881396800914985,,0.6131386861313869,
D_TSMOM28_exec_21hBRT,SOLUSDT,OOS_2a_metade,base,-0.08419395054314882,-0.12370846487765863,-0.539122427544042,0.010315131950499604,23,0.30434782608695654,-0.0017058632831900397,0.9369676073785196,,0.522297348628732,
D_TSMOM28_exec_21hBRT,SOLUSDT,TOTAL,estresse,0.7455241456782289,4.323768392944472,-0.6003645302218792,1.1939446123436912,38,0.3157894736842105,0.015670043381246473,1.503159075793733,,0.5676990309709291,527.7022299242648
D_TSMOM28_exec_21hBRT,SOLUSDT,IS_1a_metade,estresse,2.4305575288410757,5.355785116670787,-0.44610955514612816,1.9907249313731545,15,0.4,0.04528641112316557,2.2838732954778687,,0.6131386861313869,
D_TSMOM28_exec_21hBRT,SOLUSDT,OOS_2a_metade,estresse,-0.11130930311687581,-0.16237438880987431,-0.5545699633189883,-0.059315055919483065,23,0.2608695652173913,-0.003644979059135542,0.8718806475983609,,0.522297348628732,
D_TSMOM28_exec_21hBRT,SOLUSDT,TOTAL,sem_custo,0.8598703025042707,5.44080051724762,-0.5447752132289372,1.2986694466470463,38,0.34210526315789475,0.020680501491502568,1.7395532931411486,,0.5676990309709291,638.4246166593855
D_TSMOM28_exec_21hBRT,SOLUSDT,IS_1a_metade,sem_custo,2.6130044913264325,5.869577575542833,-0.4348284853838861,2.061798897990018,15,0.4,0.05054088147053803,2.558465526575745,,0.6131386861313869,
D_TSMOM28_exec_21hBRT,SOLUSDT,OOS_2a_metade,sem_custo,-0.04201588460524086,-0.06241680126326121,-0.5149719138123551,0.11473994877784947,23,0.30434782608695654,0.0012063406356098802,1.0481560862965535,,0.522297348628732,
D_TSMOM28_exec_10hBRT,SOLUSDT,TOTAL,base,0.7899161812694331,4.7406300673643775,-0.650938814189548,1.225907532438473,38,0.3157894736842105,0.017839430216461383,1.5525169438456121,,0.5676990309709291,569.0223661369675
D_TSMOM28_exec_10hBRT,SOLUSDT,IS_1a_metade,base,2.4570844319585348,5.429658230625194,-0.44835713628473295,1.9787208065765862,15,0.3333333333333333,0.0466222901133816,2.254706673155959,,0.6141271289537713,
D_TSMOM28_exec_10hBRT,SOLUSDT,OOS_2a_metade,base,-0.07271436893747196,-0.10716404178046324,-0.5412424326925522,0.041071062203181144,23,0.30434782608695654,-0.0009320001510952768,0.9679848880325485,,0.5213097318240523,
D_TSMOM28_exec_10hBRT,SOLUSDT,TOTAL,estresse,0.7450953512591509,4.319843561292594,-0.6686637297728176,1.1846770086481557,38,0.2894736842105263,0.015839370795775676,1.4712110839403654,,0.5676990309709291,527.3131930124566
D_TSMOM28_exec_10hBRT,SOLUSDT,IS_1a_metade,estresse,2.3863861345168544,5.233408337010086,-0.4553894187280222,1.9509269589570297,15,0.26666666666666666,0.044532817880113686,2.157623581068901,,0.6141271289537713,
D_TSMOM28_exec_10hBRT,SOLUSDT,OOS_2a_metade,estresse,-0.10016922511550519,-0.1465594304633172,-0.5539287531364279,-0.028257377530455485,23,0.30434782608695654,-0.002873746867923029,0.9056174760635248,,0.5213097318240523,
D_TSMOM28_exec_10hBRT,SOLUSDT,TOTAL,sem_custo,0.8592266397976138,5.434111682082575,-0.6225947325520045,1.2876521297754415,38,0.34210526315789475,0.020843205397038583,1.6868428484555842,,0.5676990309709291,637.7616063682414
D_TSMOM28_exec_10hBRT,SOLUSDT,IS_1a_metade,sem_custo,2.56577095766268,5.735287541967417,-0.43834897551785323,2.0203249835681674,15,0.3333333333333333,0.0497604130409208,2.4110984054824396,,0.6141271289537713,
D_TSMOM28_exec_10hBRT,SOLUSDT,OOS_2a_metade,sem_custo,-0.03000822619507848,-0.044716110189538694,-0.5215584190237721,0.14501716868795939,23,0.34782608695652173,0.001984156933637139,1.0731094989169048,,0.5213097318240523,
D_TSMOM56_exec_21hBRT,SOLUSDT,TOTAL,base,0.6597001917421568,3.5760476497147735,-0.7397233460850865,1.1172397916788555,43,0.3488372093023256,0.09979383608648416,4.037604254226775,,0.5649629488884667,453.58670226797824
D_TSMOM56_exec_21hBRT,SOLUSDT,IS_1a_metade,base,1.5055945414769836,2.966954365866766,-0.663836581300102,1.5945502833530079,23,0.34782608695652173,0.17300028790862146,5.424571676566245,,0.6405109489051095,
D_TSMOM56_exec_21hBRT,SOLUSDT,OOS_2a_metade,base,0.09980251660242945,0.1535417924362541,-0.5072352496799815,0.43659237942924733,20,0.35,0.015606416491026337,1.6079949177573005,,0.48947808250398844,
D_TSMOM56_exec_21hBRT,SOLUSDT,TOTAL,estresse,0.6132457176421644,3.2022381856149584,-0.7597850310069497,1.0717333617476141,43,0.3488372093023256,0.0976292262326564,3.8637185453176968,,0.5649629488884667,416.53398449128207
D_TSMOM56_exec_21hBRT,SOLUSDT,IS_1a_metade,estresse,1.4297567225872876,2.7881935158711584,-0.6737877354068682,1.553088669771627,23,0.34782608695652173,0.1706519767807357,5.231567941004214,,0.6405109489051095,
D_TSMOM56_exec_21hBRT,SOLUSDT,OOS_2a_metade,estresse,0.0715259083905262,0.10929871138026681,-0.5208729645748422,0.3813497688890347,20,0.35,0.013653063102365182,1.5071765379982318,,0.48947808250398844,
D_TSMOM56_exec_21hBRT,SOLUSDT,TOTAL,sem_custo,0.7318097592919934,4.199192131669839,-0.7064902490808064,1.1853925775400442,43,0.37209302325581395,0.10304474696345489,4.323686526846703,,0.5649629488884667,515.3539897270814
D_TSMOM56_exec_21hBRT,SOLUSDT,IS_1a_metade,sem_custo,1.6236611370087117,3.250668034691345,-0.6483576088114933,1.656646209059943,23,0.391304347826087,0.17652716643765448,5.735713947102644,,0.6405109489051095,
D_TSMOM56_exec_21hBRT,SOLUSDT,OOS_2a_metade,sem_custo,0.14356674376083856,0.22314706517592575,-0.48607447379518764,0.5193372316697333,20,0.35,0.018539964568125344,1.7793278194654103,,0.48947808250398844,
D_SMA100_voltarget40,SOLUSDT,TOTAL,base,0.2882645063139262,1.1390252407928259,-0.33075781921059044,1.1337125955151632,31,0.1935483870967742,0.03946804074609137,3.843075039482067,,0.5248337450123504,212.02432302025107
D_SMA100_voltarget40,SOLUSDT,IS_1a_metade,base,0.5128500954590054,0.8609506942902625,-0.237819883392833,1.6955044596859479,19,0.15789473684210525,0.05372443624535058,6.215027810456751,,0.6678832116788321,
D_SMA100_voltarget40,SOLUSDT,OOS_2a_metade,base,0.0971875493373,0.14942606881297138,-0.2149563947824068,0.5149316071600982,12,0.25,0.016895414538930963,1.8641713717414226,,0.38190382131732886,
D_SMA100_voltarget40,SOLUSDT,TOTAL,estresse,0.2743754767825053,1.0705437392762356,-0.34385980637513447,1.089924045423793,31,0.1935483870967742,0.03836166622993473,3.6257198463418514,,0.5248337450123504,205.2363040097397
D_SMA100_voltarget40,SOLUSDT,IS_1a_metade,estresse,0.49528313812681235,0.828626536281406,-0.24408961199018764,1.6494491468456414,19,0.15789473684210525,0.05273737020426198,5.815399145930487,,0.6678832116788321,
D_SMA100_voltarget40,SOLUSDT,OOS_2a_metade,estresse,0.08626902914633483,0.13229448342512784,-0.2243302262156116,0.47221769492573007,12,0.25,0.015600134937249913,1.7646366332730257,,0.38190382131732886,
D_SMA100_voltarget40,SOLUSDT,TOTAL,sem_custo,0.3093694836182759,1.2459511748157497,-0.3106261739355519,1.199117395210642,31,0.1935483870967742,0.04112937323981068,4.215832119511412,,0.5248337450123504,222.62302860921156
D_SMA100_voltarget40,SOLUSDT,IS_1a_metade,sem_custo,0.5395752362134856,0.9104871973080806,-0.2283220908039697,1.7644590746497273,19,0.15789473684210525,0.055206602418293164,6.919459161530941,,0.6678832116788321,
D_SMA100_voltarget40,SOLUSDT,OOS_2a_metade,sem_custo,0.11375891097202984,0.1755908011214864,-0.20069388334911453,0.5786023530834686,12,0.25,0.018840427040546764,2.031035517071913,,0.38190382131732886,
H4_Donchian20_vol,SOLUSDT,TOTAL,base,0.4642188052284497,2.1413780907903535,-0.5289618266213354,1.0119229771452132,76,0.4473684210526316,0.02077077621131824,1.8063736807182544,,0.30218506555196656,311.3794780671236
H4_Donchian20_vol,SOLUSDT,IS_1a_metade,base,1.0939582058602881,2.030576449139998,-0.3232544351962,1.5237538355578581,35,0.5142857142857142,0.04120954150456824,2.4352573642840754,,0.29318734793187345,
H4_Donchian20_vol,SOLUSDT,OOS_2a_metade,base,0.024203783096496734,0.03656124288888951,-0.42546687191200894,0.24430904033954182,41,0.3902439024390244,0.0033230497414706715,1.1430098949458483,,0.31117526399756895,
H4_Donchian20_vol,SOLUSDT,TOTAL,estresse,0.3918318545189208,1.697878548935246,-0.5608408952467858,0.908431801830645,76,0.42105263157894735,0.01872868402548553,1.6978473514755446,,0.30218506555196656,267.41894486333234
H4_Donchian20_vol,SOLUSDT,IS_1a_metade,estresse,0.9985172270587437,1.825728631337162,-0.32595041038214867,1.4445365605557348,35,0.45714285714285713,0.039129441607975775,2.318377164716141,,0.29318734793187345,
H4_Donchian20_vol,SOLUSDT,OOS_2a_metade,estresse,-0.030365925232296753,-0.04524499662991921,-0.4579193741864108,0.09436403863572619,41,0.3902439024390244,0.0013134031623841037,1.053802602492039,,0.31117526399756895,
H4_Donchian20_vol,SOLUSDT,TOTAL,sem_custo,0.5797687006311882,2.945872015339483,-0.4768209260062286,1.168120720155283,76,0.4605263157894737,0.023837748279365703,1.9850484201981689,,0.30218506555196656,391.12247336867125
H4_Donchian20_vol,SOLUSDT,IS_1a_metade,sem_custo,1.2455371418359138,2.3655846590715983,-0.3191953191687644,1.6428445789167552,35,0.5142857142857142,0.04433359107199316,2.621513660849304,,0.29318734793187345,
H4_Donchian20_vol,SOLUSDT,OOS_2a_metade,sem_custo,0.1117560344980073,0.1724179942120243,-0.37317767055217277,0.47305620414857075,41,0.4146341463414634,0.006341297114927634,1.294697681287798,,0.31117526399756895,
H4_EMA50_filtroD_SMA100,SOLUSDT,TOTAL,base,0.291899107795226,1.15719206004455,-0.6415573685198281,0.718867844260609,162,0.20987654320987653,0.00979963371065847,1.5756662133458126,,0.348964468934068,213.82505331544405
H4_EMA50_filtroD_SMA100,SOLUSDT,IS_1a_metade,base,0.5175528111827521,0.8696359449878697,-0.6415573685198281,0.9125658319921767,103,0.1941747572815534,0.0131569012909213,1.6767196664004806,,0.4467761557177616,
H4_EMA50_filtroD_SMA100,SOLUSDT,OOS_2a_metade,base,0.09996854131453836,0.15380326626023777,-0.3027139743666316,0.44931814770207856,59,0.23728813559322035,0.003938641155284377,1.3077058598194886,,0.25123452100584975,
H4_EMA50_filtroD_SMA100,SOLUSDT,TOTAL,estresse,0.15946863569840053,0.5591729921105892,-0.7100212776395698,0.516850177564057,162,0.20987654320987653,0.007784272164962651,1.4192931784602905,,0.348964468934068,154.54824553691435
H4_EMA50_filtroD_SMA100,SOLUSDT,IS_1a_metade,estresse,0.3216302705642604,0.5194716359059093,-0.6859721943452011,0.7083639123005719,103,0.1941747572815534,0.01112903528133982,1.529524174757385,,0.4467761557177616,
H4_EMA50_filtroD_SMA100,SOLUSDT,OOS_2a_metade,estresse,0.017326665350726245,0.026128395730802945,-0.35166001495564536,0.2176308472724094,59,0.23728813559322035,0.0019451094363720086,1.1361652058528822,,0.25123452100584975,
H4_EMA50_filtroD_SMA100,SOLUSDT,TOTAL,sem_custo,0.5191297082130892,2.508455914936365,-0.5729408674647034,1.0262685247375394,162,0.2222222222222222,0.012826450709373912,1.871139326932585,,0.348964468934068,347.76494265914386
H4_EMA50_filtroD_SMA100,SOLUSDT,IS_1a_metade,sem_custo,0.8667318714738836,1.5508490660593788,-0.5729408674647034,1.2233873879660189,103,0.20388349514563106,0.01620250927931575,1.947429579760131,,0.4467761557177616,
H4_EMA50_filtroD_SMA100,SOLUSDT,OOS_2a_metade,sem_custo,0.23650636475795528,0.3754070993923304,-0.254734015103116,0.8019286442359994,59,0.2542372881355932,0.006932653544899174,1.6557110859211304,,0.25123452100584975,
H1_reversao_BB_em_tendencia,SOLUSDT,TOTAL,base,-0.2532133065008444,-0.5837461466366406,-0.6734996262420844,-1.1726729541487713,298,0.5436241610738255,-0.002624899783688557,0.7671301928888303,-0.1362397704349208,,41.2598878128363
H1_reversao_BB_em_tendencia,SOLUSDT,IS_1a_metade,base,-0.34573230410860856,-0.47083491579217074,-0.5570735798533136,-1.3710372549254648,162,0.5246913580246914,-0.003483312863070081,0.747869345345412,-0.17715852197806026,,
H1_reversao_BB_em_tendencia,SOLUSDT,OOS_2a_metade,base,-0.14772446050421317,-0.21337619244758044,-0.4000420171060981,-0.9490551120397536,136,0.5661764705882353,-0.001602378321484095,0.8055873954438643,-0.08749831639088702,,
H1_reversao_BB_em_tendencia,SOLUSDT,TOTAL,estresse,-0.397628030685502,-0.7816302562320606,-0.809341738389761,-2.069370220923888,300,0.49,-0.004751937426002438,0.6131290653661018,-0.2284638277969628,,21.64523176610209
H1_reversao_BB_em_tendencia,SOLUSDT,IS_1a_metade,estresse,-0.4730134010168472,-0.6174960850224014,-0.6613801971348809,-2.1218890524278353,162,0.5,-0.0054839774081740745,0.6275492258434542,-0.2508892046185966,,
H1_reversao_BB_em_tendencia,SOLUSDT,OOS_2a_metade,estresse,-0.31156223710763553,-0.42910455235280853,-0.5273323346612182,-2.170216127784232,138,0.4782608695652174,-0.003892586142583559,0.5866623835783338,-0.20213838544113183,,
H1_reversao_BB_em_tendencia,SOLUSDT,TOTAL,sem_custo,-0.014886524127648348,-0.04402421639053755,-0.4217571424997185,0.04408849770768265,297,0.569023569023569,0.0001674254152352909,1.0163996844868324,-0.010425562531408828,,94.75817044048699
H1_reversao_BB_em_tendencia,SOLUSDT,IS_1a_metade,sem_custo,-0.11650050309415494,-0.16958117348576285,-0.40841806510863166,-0.315965867724864,162,0.5370370370370371,-0.0007012366904801293,0.9445866484419945,-0.07159651499926076,,
H1_reversao_BB_em_tendencia,SOLUSDT,OOS_2a_metade,sem_custo,0.09831320450423608,0.1511971466522053,-0.24287260776555875,0.6831043925645084,135,0.6074074074074074,0.0012098199420937951,1.1663129872020161,0.06297958043001353,,
M15_rompimento_stop1xATR1h_2R,SOLUSDT,TOTAL,base,-0.16008304319248012,-0.40746882046717425,-0.46859216767295786,-1.4459172627113306,155,0.3161290322580645,-0.003246315758784106,0.6357666999529515,-0.31833584795574094,,58.732837655657264
M15_rompimento_stop1xATR1h_2R,SOLUSDT,IS_1a_metade,base,-0.06265717928006953,-0.09240066424646443,-0.15455902696511392,-0.43155178761653185,69,0.37681159420289856,-0.0012221581414442796,0.8672486540849936,-0.07635445652847021,,
M15_rompimento_stop1xATR1h_2R,SOLUSDT,OOS_2a_metade,base,-0.24720626152672986,-0.34714454254103666,-0.40587995882800143,-2.811169467126864,86,0.26744186046511625,-0.004870349195952106,0.4387154185060786,-0.5124837085194813,,
M15_rompimento_stop1xATR1h_2R,SOLUSDT,TOTAL,estresse,-0.22567890550382286,-0.5357344700486399,-0.579389261025155,-2.094813169258081,155,0.2838709677419355,-0.0048129148697804375,0.5174370694295611,-0.4835818724817707,,46.0188981468448
M15_rompimento_stop1xATR1h_2R,SOLUSDT,IS_1a_metade,estresse,-0.13120270694310998,-0.19001173907970337,-0.23935249928792712,-0.9952586264969748,69,0.34782608695652173,-0.0028644521321325115,0.7198127608561924,-0.2307601409612042,,
M15_rompimento_stop1xATR1h_2R,SOLUSDT,OOS_2a_metade,estresse,-0.3097127290720243,-0.42682437221513747,-0.46548984294731566,-3.5552237918958194,86,0.23255813953488372,-0.006376216368590982,0.34758909703200874,-0.686427215213388,,
M15_rompimento_stop1xATR1h_2R,SOLUSDT,TOTAL,sem_custo,-0.045353072253550786,-0.12998064842777346,-0.29702937123495565,-0.3525440911543183,155,0.3225806451612903,-0.0007748699450111453,0.8925420675687791,-0.058546907880233756,,86.23800248530374
M15_rompimento_stop1xATR1h_2R,SOLUSDT,IS_1a_metade,sem_custo,0.05462329836455071,0.08294858033900243,-0.0965600692665759,0.4726017485380108,69,0.37681159420289856,0.0013364849237482487,1.1748490106948553,0.15003405635527595,,
M15_rompimento_stop1xATR1h_2R,SOLUSDT,OOS_2a_metade,sem_custo,-0.1356662580628757,-0.19661988817615073,-0.29702937123495576,-1.508407517363016,86,0.27906976744186046,-0.0024688639676204265,0.6403022503456286,-0.22589675127849154,,
M15_rompimento_stop1.5xATR15m_2R,SOLUSDT,TOTAL,base,-0.11120416938864364,-0.29788623734661435,-0.34632409055392444,-1.1512295331468207,155,0.33548387096774196,-0.0021884535695837616,0.7017156263547554,-0.3023762560817621,,69.59487544644809
M15_rompimento_stop1.5xATR15m_2R,SOLUSDT,IS_1a_metade,base,-0.009505463314018359,-0.014208684645405256,-0.09678338419651511,-0.03197033925449458,69,0.43478260869565216,-7.650667388180577e-05,0.9897721683886411,0.06069513401876879,,
M15_rompimento_stop1.5xATR15m_2R,SOLUSDT,OOS_2a_metade,base,-0.20227568194857326,-0.2877663337895898,-0.31588829992131207,-2.6410869391110388,86,0.2558139534883721,-0.0038829225905539356,0.46232688313840725,-0.5936777202321879,,
M15_rompimento_stop1.5xATR15m_2R,SOLUSDT,TOTAL,estresse,-0.18089334654289613,-0.4504289686412658,-0.48040052288965673,-1.933521611768978,155,0.2967741935483871,-0.0037634805792045,0.551459920964341,-0.537737798943433,,54.47454459779445
M15_rompimento_stop1.5xATR15m_2R,SOLUSDT,IS_1a_metade,estresse,-0.11221870540564716,-0.16334869382281603,-0.1965651977150683,-1.0178172164124535,69,0.36231884057971014,-0.0024514953458204536,0.7206824832648798,-0.25637832342591027,,
M15_rompimento_stop1.5xATR15m_2R,SOLUSDT,OOS_2a_metade,estresse,-0.24412674832081682,-0.3431301340222286,-0.3645996353524359,-3.1044866239386897,86,0.2441860465116279,-0.0048161198943614675,0.4039924292178584,-0.7634797037191198,,
M15_rompimento_stop1.5xATR15m_2R,SOLUSDT,TOTAL,sem_custo,0.0067555145847191245,0.020403567054981142,-0.18694507730167897,0.11768962936349266,155,0.34838709677419355,0.00021847365031779571,1.03853368887203,0.03245993034024911,,101.14437706779556
M15_rompimento_stop1.5xATR15m_2R,SOLUSDT,IS_1a_metade,sem_custo,0.10075406284374555,0.1546928722100871,-0.06407143570931051,0.9285651482875137,69,0.43478260869565216,0.002214260352365611,1.364228144049909,0.31318980265172575,,
M15_rompimento_stop1.5xATR15m_2R,SOLUSDT,OOS_2a_metade,sem_custo,-0.07903796413047481,-0.11629872183940626,-0.1742465562062464,-0.9976062274348786,86,0.27906976744186046,-0.0013827970757438236,0.7410982880861481,-0.19277682767709844,,
M15_pullbackEMA21_stop1xATR1h_2R,SOLUSDT,TOTAL,base,-0.2846184758401341,-0.6338851814558581,-0.6584280138094871,-1.8298321352030882,301,0.31561461794019935,-0.003185873088609865,0.6517896844359296,-0.30392208423148825,,36.29000961238405
M15_pullbackEMA21_stop1xATR1h_2R,SOLUSDT,IS_1a_metade,base,-0.2488727767610842,-0.34870785809405436,-0.3867628868100048,-1.2286163000403267,156,0.34615384615384615,-0.002529218219897862,0.758010425801268,-0.1711863840486681,,
M15_pullbackEMA21_stop1xATR1h_2R,SOLUSDT,OOS_2a_metade,base,-0.3185954596823928,-0.43786390931611585,-0.45666930716661114,-3.0569197234921273,145,0.2827586206896552,-0.003892343154258641,0.49763136553406945,-0.44672738925576366,,
M15_pullbackEMA21_stop1xATR1h_2R,SOLUSDT,TOTAL,estresse,-0.38935461202682364,-0.7722945878269954,-0.783211525473178,-2.67308071125575,301,0.2823920265780731,-0.00475495185073518,0.5358288300728846,-0.4435398253276599,,22.57060129226618
M15_pullbackEMA21_stop1xATR1h_2R,SOLUSDT,IS_1a_metade,estresse,-0.36464559171621513,-0.4931844795222824,-0.5174828630449764,-1.97508817924531,156,0.32051282051282054,-0.004128281572815832,0.6404841465530269,-0.2864818210835093,,
M15_pullbackEMA21_stop1xATR1h_2R,SOLUSDT,OOS_2a_metade,estresse,-0.41305778607486066,-0.5507134194344079,-0.5617263525996261,-4.096592445951548,145,0.2413793103448276,-0.005429162632496684,0.390737810741041,-0.6125125747213668,,
M15_pullbackEMA21_stop1xATR1h_2R,SOLUSDT,TOTAL,sem_custo,-0.0733953788391003,-0.20441913425847325,-0.3615560419834586,-0.3571863964103786,301,0.3488372093023256,-0.0006135058496906085,0.9172155960258546,-0.057243055031547176,,78.85951565685622
M15_pullbackEMA21_stop1xATR1h_2R,SOLUSDT,IS_1a_metade,sem_custo,-0.011462832807506151,-0.017126137357548976,-0.23262291536328494,0.05107865371374086,156,0.3717948717948718,0.00010463636943866611,1.0119339511148107,0.033163942705262954,,
M15_pullbackEMA21_stop1xATR1h_2R,SOLUSDT,OOS_2a_metade,sem_custo,-0.13132738608012795,-0.19055649358442406,-0.2728105250532623,-1.134433643984165,145,0.32413793103448274,-0.0013861278233745179,0.7670712657168399,-0.15450851466563253,,
